Workbook

Sheet Atracción 1.1 (TripAdvisor)
A1: ID | B1: Categoría del Recurso | C1: Recurso | D1: Origen | E1: V1​a Masa Crítica - Google (Contraste) (Número de Reseñas) | F1: V1​b Masa Crítica - TripAdvisor (Origen) (Número de Reseñas) | G1: V2a​ Calidad - Google (Contraste) (Puntuación 0-5) | H1: V2b​ Calidad - TripAdvisor (Origen) (Puntuación 0-5) | I1: V2 Ponderada | J1: V3​ Ranking - TripAdvisor | K1: V4a​ Grado de Presencia Algorítmica (web) | L1: V4b Grado de Presencia Algorítmica (maps libre) | M1: V4c​ Grado de Presencia Algorítmica (maps forzado) | N1: V4 Ponderada | O1: V5 Proximidad al Punto 0 (Metros) | P1: V6a Desviación Calidad (Contraste-Origen) | Q1: V6b Desviación de Calidad (Contraste-Ponderada) | R1: V6c Desviación de Calidad (Origen-Ponderada) | S1: V7 Grado de atención turística digital según ubicación | T1: V8 Grado de capital reputacional digital | U1: V9a Grado de Visibilidad Espacial Algorítmica en web | V1: V9b Grado de Visibilidad Espacial Algorítmica en maps libre | W1: V9c Grado de Visibilidad Espacial Algorítmica en maps forzado | X1: V10 Grado de Ventaja Algorítmica entre Plataformas | Y1: V9 Ponderada | Z1: V11a Grado de Presión Turística Digital según web | AA1: V11b Grado de Presión Turística Digital según maps libre | AB1: V11c Grado de Presión Turística Digital según maps forzado | AC1: V11 Ponderada
A2: 1 | B2: Atracción Turística | C2: Plaza de España | D2: TripAdvisor | E2: 181284 | F2: 45480 | G2: 4.8 | H2: 4.8 | I2: =((G2*E2)+(H2*F2))/SUM(E2,F2) -> 4.8 | J2: 1 | K2: 0 | L2: 0 | M2: 0 | N2: =(K2*0.5)+(L2*0.4)+(M2*0.1) -> 0 | O2: 1120 | P2: =ABS(G2-H2) -> 0 | Q2: =ABS(H2-I2) -> 0 | R2: =ABS(H2-I2) -> 0 | S2: =SUM(E2,F2)/O2 -> 202.46786 | T2: =LOG10(E2+F2)*I2 -> 25.706756 | U2: =(K2/O2)*100 -> 0 | V2: =(L2/O2)*100 -> 0 | W2: =(M2/O2)*100 -> 0 | X2: =E2/F2 -> 3.9860158 | Y2: =(N2/O2)*100 -> 0 | Z2: =(SUM(E2,F2)/(K2+0.1))/100 -> 22676.4 | AA2: =(SUM(E2,F2)/(L2+0.1))/100 -> 22676.4 | AB2: =(SUM(E2,F2)/(M2+0.1))/100 -> 22676.4 | AC2: =(SUM(E2,F2)/(N2+0.1))/100 -> 22676.4
A3: =A2+1 -> 2 | B3: Atracción Turística | C3: Real Alcázar de Sevilla | D3: TripAdvisor | E3: 98150 | F3: 36806 | G3: 4.7 | H3: 4.7 | I3: =((G3*E3)+(H3*F3))/SUM(E3,F3) -> 4.7 | J3: 2 | K3: 0 | L3: 0 | M3: 0 | N3: =(K3*0.5)+(L3*0.4)+(M3*0.1) -> 0 | O3: 400 | P3: =ABS(G3-H3) -> 0 | Q3: =ABS(G3-I3) -> 8.8817842e-16 | R3: =ABS(H3-I3) -> 8.8817842e-16 | S3: =SUM(E3,F3)/O3 -> 337.39 | T3: =LOG10(E3+F3)*I3 -> 24.111903 | U3: =(K3/O3)*100 -> 0 | V3: =(L3/O3)*100 -> 0 | W3: =(M3/O3)*100 -> 0 | X3: =E3/F3 -> 2.6666848 | Y3: =(N3/O3)*100 -> 0 | Z3: =(SUM(E3,F3)/(K3+0.1))/100 -> 13495.6 | AA3: =(SUM(E3,F3)/(L3+0.1))/100 -> 13495.6 | AB3: =(SUM(E3,F3)/(M3+0.1))/100 -> 13495.6 | AC3: =(SUM(E3,F3)/(N3+0.1))/100 -> 13495.6
A4: =A3+1 -> 3 | B4: Atracción Turística | C4: Catedral de Sevilla | D4: TripAdvisor | E4: 57330 | F4: 27294 | G4: 4.8 | H4: 4.6 | I4: =((G4*E4)+(H4*F4))/SUM(E4,F4) -> 4.7354935 | J4: 3 | K4: 0 | L4: 0 | M4: 0 | N4: =(K4*0.5)+(L4*0.4)+(M4*0.1) -> 0 | O4: 59 | P4: =ABS(G4-H4) -> 0.2 | Q4: =ABS(G4-I4) -> 0.064506523 | R4: =ABS(H4-I4) -> 0.13549348 | S4: =SUM(E4,F4)/O4 -> 1434.3051 | T4: =LOG10(E4+F4)*I4 -> 23.334114 | U4: =(K4/O4)*100 -> 0 | V4: =(L4/O4)*100 -> 0 | W4: =(M4/O4)*100 -> 0 | X4: =E4/F4 -> 2.1004616 | Y4: =(N4/O4)*100 -> 0 | Z4: =(SUM(E4,F4)/(K4+0.1))/100 -> 8462.4 | AA4: =(SUM(E4,F4)/(L4+0.1))/100 -> 8462.4 | AB4: =(SUM(E4,F4)/(M4+0.1))/100 -> 8462.4 | AC4: =(SUM(E4,F4)/(N4+0.1))/100 -> 8462.4
A5: =A4+1 -> 4 | B5: Atracción Turística | C5: Setas de Sevilla | D5: TripAdvisor | E5: 105610 | F5: 11354 | G5: 4.4 | H5: 4 | I5: =((G5*E5)+(H5*F5))/SUM(E5,F5) -> 4.361171 | J5: 5 | K5: 150 | L5: 0 | M5: 0 | N5: =(K5*0.5)+(L5*0.4)+(M5*0.1) -> 75 | O5: 793 | P5: =ABS(G5-H5) -> 0.4 | Q5: =ABS(G5-I5) -> 0.038829041 | R5: =ABS(H5-I5) -> 0.36117096 | S5: =SUM(E5,F5)/O5 -> 147.49559 | T5: =LOG10(E5+F5)*I5 -> 22.102642 | U5: =(K5/O5)*100 -> 18.915511 | V5: =(L5/O5)*100 -> 0 | W5: =(M5/O5)*100 -> 0 | X5: =E5/F5 -> 9.3015677 | Y5: =(N5/O5)*100 -> 9.4577554 | Z5: =(SUM(E5,F5)/(K5+0.1))/100 -> 7.7924051 | AA5: =(SUM(E5,F5)/(L5+0.1))/100 -> 11696.4 | AB5: =(SUM(E5,F5)/(M5+0.1))/100 -> 11696.4 | AC5: =(SUM(E5,F5)/(N5+0.1))/100 -> 15.574434
A6: =A5+1 -> 5 | B6: Atracción Turística | C6: Parque de María Luisa | D6: TripAdvisor | E6: 41265 | F6: 7162 | G6: 4.8 | H6: 4.5 | I6: =((G6*E6)+(H6*F6))/SUM(E6,F6) -> 4.7556322 | J6: 6 | K6: 1500 | L6: 0 | M6: 0 | N6: =(K6*0.5)+(L6*0.4)+(M6*0.1) -> 750 | O6: 1450 | P6: =ABS(G6-H6) -> 0.3 | Q6: =ABS(G6-I6) -> 0.044367811 | R6: =ABS(H6-I6) -> 0.25563219 | S6: =SUM(E6,F6)/O6 -> 33.397931 | T6: =LOG10(E6+F6)*I6 -> 22.280553 | U6: =(K6/O6)*100 -> 103.44828 | V6: =(L6/O6)*100 -> 0 | W6: =(M6/O6)*100 -> 0 | X6: =E6/F6 -> 5.7616588 | Y6: =(N6/O6)*100 -> 51.724138 | Z6: =(SUM(E6,F6)/(K6+0.1))/100 -> 0.32282514 | AA6: =(SUM(E6,F6)/(L6+0.1))/100 -> 4842.7 | AB6: =(SUM(E6,F6)/(M6+0.1))/100 -> 4842.7 | AC6: =(SUM(E6,F6)/(N6+0.1))/100 -> 0.64560725
A7: =A6+1 -> 6 | B7: Atracción Turística | C7: La Giralda (Punto 0) | D7: TripAdvisor | E7: 55912 | F7: 11034 | G7: 4.7 | H7: 4.6 | I7: =((G7*E7)+(H7*F7))/SUM(E7,F7) -> 4.6835181 | J7: 7 | K7: 0 | L7: 1683 | M7: 100 | N7: =(K7*0.5)+(L7*0.4)+(M7*0.1) -> 683.2 | O7: 0.01 | P7: =ABS(G7-H7) -> 0.1 | Q7: =ABS(G7-I7) -> 0.016481941 | R7: =ABS(H7-I7) -> 0.083518059 | S7: =SUM(E7,F7)/O7 -> 6694600 | T7: =LOG10(E7+F7)*I7 -> 22.601368 | U7: =(K7/O7)*100 -> 0 | V7: =(L7/O7)*100 -> 16830000 | W7: =(M7/O7)*100 -> 1000000 | X7: =E7/F7 -> 5.0672467 | Y7: =(N7/O7)*100 -> 6832000 | Z7: =(SUM(E7,F7)/(K7+0.1))/100 -> 6694.6 | AA7: =(SUM(E7,F7)/(L7+0.1))/100 -> 0.39775414 | AB7: =(SUM(E7,F7)/(M7+0.1))/100 -> 6.6879121 | AC7: =(SUM(E7,F7)/(N7+0.1))/100 -> 0.97974535
A8: =A7+1 -> 7 | B8: Atracción Turística | C8: Casa de Pilatos | D8: TripAdvisor | E8: 13802 | F8: 3929 | G8: 4.4 | H8: 4.3 | I8: =((G8*E8)+(H8*F8))/SUM(E8,F8) -> 4.3778411 | J8: 8 | K8: 0 | L8: 0 | M8: 0 | N8: =(K8*0.5)+(L8*0.4)+(M8*0.1) -> 0 | O8: 641 | P8: =ABS(G8-H8) -> 0.1 | Q8: =ABS(G8-I8) -> 0.022158931 | R8: =ABS(H8-I8) -> 0.077841069 | S8: =SUM(E8,F8)/O8 -> 27.661466 | T8: =LOG10(E8+F8)*I8 -> 18.600279 | U8: =(K8/O8)*100 -> 0 | V8: =(L8/O8)*100 -> 0 | W8: =(M8/O8)*100 -> 0 | X8: =E8/F8 -> 3.5128531 | Y8: =(N8/O8)*100 -> 0 | Z8: =(SUM(E8,F8)/(K8+0.1))/100 -> 1773.1 | AA8: =(SUM(E8,F8)/(L8+0.1))/100 -> 1773.1 | AB8: =(SUM(E8,F8)/(M8+0.1))/100 -> 1773.1 | AC8: =(SUM(E8,F8)/(N8+0.1))/100 -> 1773.1
A9: =A8+1 -> 8 | B9: Atracción Turística | C9: Mercado de Triana | D9: TripAdvisor | E9: 10654 | F9: 1132 | G9: 4.4 | H9: 4 | I9: =((G9*E9)+(H9*F9))/SUM(E9,F9) -> 4.3615815 | J9: 11 | K9: 0 | L9: 0 | M9: 0 | N9: =(K9*0.5)+(L9*0.4)+(M9*0.1) -> 0 | O9: 974 | P9: =ABS(G9-H9) -> 0.4 | Q9: =ABS(G9-I9) -> 0.038418463 | R9: =ABS(H9-I9) -> 0.36158154 | S9: =SUM(E9,F9)/O9 -> 12.100616 | T9: =LOG10(E9+F9)*I9 -> 17.757597 | U9: =(K9/O9)*100 -> 0 | V9: =(L9/O9)*100 -> 0 | W9: =(M9/O9)*100 -> 0 | X9: =E9/F9 -> 9.4116608 | Y9: =(N9/O9)*100 -> 0 | Z9: =(SUM(E9,F9)/(K9+0.1))/100 -> 1178.6 | AA9: =(SUM(E9,F9)/(L9+0.1))/100 -> 1178.6 | AB9: =(SUM(E9,F9)/(M9+0.1))/100 -> 1178.6 | AC9: =(SUM(E9,F9)/(N9+0.1))/100 -> 1178.6
A10: =A9+1 -> 9 | B10: Atracción Turística | C10: Museo de Bellas Artes | D10: TripAdvisor | E10: 16014 | F10: 2218 | G10: 4.7 | H10: 4.4 | I10: =((G10*E10)+(H10*F10))/SUM(E10,F10) -> 4.6635037 | J10: 12 | K10: 0 | L10: 0 | M10: 0 | N10: =(K10*0.5)+(L10*0.4)+(M10*0.1) -> 0 | O10: 962 | P10: =ABS(G10-H10) -> 0.3 | Q10: =ABS(G10-I10) -> 0.03649627 | R10: =ABS(H10-I10) -> 0.26350373 | S10: =SUM(E10,F10)/O10 -> 18.952183 | T10: =LOG10(E10+F10)*I10 -> 19.870417 | U10: =(K10/O10)*100 -> 0 | V10: =(L10/O10)*100 -> 0 | W10: =(M10/O10)*100 -> 0 | X10: =E10/F10 -> 7.220018 | Y10: =(N10/O10)*100 -> 0 | Z10: =(SUM(E10,F10)/(K10+0.1))/100 -> 1823.2 | AA10: =(SUM(E10,F10)/(L10+0.1))/100 -> 1823.2 | AB10: =(SUM(E10,F10)/(M10+0.1))/100 -> 1823.2 | AC10: =(SUM(E10,F10)/(N10+0.1))/100 -> 1823.2
A11: =A10+1 -> 10 | B11: Atracción Turística | C11: Real Maestranza de Caballería | D11: TripAdvisor | E11: 31701 | F11: 5718 | G11: 4.4 | H11: 4.1 | I11: =((G11*E11)+(H11*F11))/SUM(E11,F11) -> 4.354157 | J11: 13 | K11: 0 | L11: 0 | M11: 0 | N11: =(K11*0.5)+(L11*0.4)+(M11*0.1) -> 0 | O11: 553 | P11: =ABS(G11-H11) -> 0.3 | Q11: =ABS(G11-I11) -> 0.045843021 | R11: =ABS(H11-I11) -> 0.25415698 | S11: =SUM(E11,F11)/O11 -> 67.665461 | T11: =LOG10(E11+F11)*I11 -> 19.911961 | U11: =(K11/O11)*100 -> 0 | V11: =(L11/O11)*100 -> 0 | W11: =(M11/O11)*100 -> 0 | X11: =E11/F11 -> 5.5440714 | Y11: =(N11/O11)*100 -> 0 | Z11: =(SUM(E11,F11)/(K11+0.1))/100 -> 3741.9 | AA11: =(SUM(E11,F11)/(L11+0.1))/100 -> 3741.9 | AB11: =(SUM(E11,F11)/(M11+0.1))/100 -> 3741.9 | AC11: =(SUM(E11,F11)/(N11+0.1))/100 -> 3741.9
A12: =A11+1 -> 11 | B12: Atracción Turística | C12: Basílica de la Macarena | D12: TripAdvisor | E12: 3506 | F12: 2484 | G12: 4.8 | H12: 4.4 | I12: =((G12*E12)+(H12*F12))/SUM(E12,F12) -> 4.6341235 | J12: 14 | K12: 0 | L12: 0 | M12: 0 | N12: =(K12*0.5)+(L12*0.4)+(M12*0.1) -> 0 | O12: 1850 | P12: =ABS(G12-H12) -> 0.4 | Q12: =ABS(G12-I12) -> 0.16587646 | R12: =ABS(H12-I12) -> 0.23412354 | S12: =SUM(E12,F12)/O12 -> 3.2378378 | T12: =LOG10(E12+F12)*I12 -> 17.505063 | U12: =(K12/O12)*100 -> 0 | V12: =(L12/O12)*100 -> 0 | W12: =(M12/O12)*100 -> 0 | X12: =E12/F12 -> 1.4114332 | Y12: =(N12/O12)*100 -> 0 | Z12: =(SUM(E12,F12)/(K12+0.1))/100 -> 599 | AA12: =(SUM(E12,F12)/(L12+0.1))/100 -> 599 | AB12: =(SUM(E12,F12)/(M12+0.1))/100 -> 599 | AC12: =(SUM(E12,F12)/(N12+0.1))/100 -> 599
A13: =A12+1 -> 12 | B13: Atracción Turística | C13: Isla Mágica | D13: TripAdvisor | E13: 32790 | F13: 2730 | G13: 4.1 | H13: 3.6 | I13: =((G13*E13)+(H13*F13))/SUM(E13,F13) -> 4.0615709 | J13: 15 | K13: 8 | L13: 0 | M13: 0 | N13: =(K13*0.5)+(L13*0.4)+(M13*0.1) -> 4 | O13: 2260 | P13: =ABS(G13-H13) -> 0.5 | Q13: =ABS(G13-I13) -> 0.038429054 | R13: =ABS(H13-I13) -> 0.46157095 | S13: =SUM(E13,F13)/O13 -> 15.716814 | T13: =LOG10(E13+F13)*I13 -> 18.482069 | U13: =(K13/O13)*100 -> 0.3539823 | V13: =(L13/O13)*100 -> 0 | W13: =(M13/O13)*100 -> 0 | X13: =E13/F13 -> 12.010989 | Y13: =(N13/O13)*100 -> 0.17699115 | Z13: =(SUM(E13,F13)/(K13+0.1))/100 -> 43.851852 | AA13: =(SUM(E13,F13)/(L13+0.1))/100 -> 3552 | AB13: =(SUM(E13,F13)/(M13+0.1))/100 -> 3552 | AC13: =(SUM(E13,F13)/(N13+0.1))/100 -> 86.634146
A14: =A13+1 -> 13 | B14: Atracción Turística | C14: Museo de las Ilusiones de Sevilla | D14: TripAdvisor | E14: 4771 | F14: 527 | G14: 4.5 | H14: 4.7 | I14: =((G14*E14)+(H14*F14))/SUM(E14,F14) -> 4.5198943 | J14: 16 | K14: 0 | L14: 0 | M14: 0 | N14: =(K14*0.5)+(L14*0.4)+(M14*0.1) -> 0 | O14: 743 | P14: =ABS(G14-H14) -> 0.2 | Q14: =ABS(G14-I14) -> 0.0198943 | R14: =ABS(H14-I14) -> 0.1801057 | S14: =SUM(E14,F14)/O14 -> 7.1305518 | T14: =LOG10(E14+F14)*I14 -> 16.832592 | U14: =(K14/O14)*100 -> 0 | V14: =(L14/O14)*100 -> 0 | W14: =(M14/O14)*100 -> 0 | X14: =E14/F14 -> 9.0531309 | Y14: =(N14/O14)*100 -> 0 | Z14: =(SUM(E14,F14)/(K14+0.1))/100 -> 529.8 | AA14: =(SUM(E14,F14)/(L14+0.1))/100 -> 529.8 | AB14: =(SUM(E14,F14)/(M14+0.1))/100 -> 529.8 | AC14: =(SUM(E14,F14)/(N14+0.1))/100 -> 529.8
... A26: =A25+1 -> 25 | B26: Atracción Turística | C26: Torre del Oro | D26: TripAdvisor | E26: 53575 | F26: 2469 | G26: 4.5 | H26: 3.9 | I26: =((G26*E26)+(H26*F26))/SUM(E26,F26) -> 4.4735672 | J26: 33 | K26: 0 | L26: 0 | M26: 0 | N26: =(K26*0.5)+(L26*0.4)+(M26*0.1) -> 0 | O26: 522 | P26: =ABS(G26-H26) -> 0.6 | Q26: =ABS(G26-I26) -> 0.026432803 | R26: =ABS(H26-I26) -> 0.5735672 | S26: =SUM(E26,F26)/O26 -> 107.36398 | T26: =LOG10(E26+F26)*I26 -> 21.242864 | U26: =(K26/O26)*100 -> 0 | V26: =(L26/O26)*100 -> 0 | W26: =(M26/O26)*100 -> 0 | X26: =E26/F26 -> 21.699068 | Y26: =(N26/O26)*100 -> 0 | Z26: =(SUM(E26,F26)/(K26+0.1))/100 -> 5604.4 | AA26: =(SUM(E26,F26)/(L26+0.1))/100 -> 5604.4 | AB26: =(SUM(E26,F26)/(M26+0.1))/100 -> 5604.4 | AC26: =(SUM(E26,F26)/(N26+0.1))/100 -> 5604.4
B28: INFO

Sheet Atracción 1.3 (Intrusos LP)
A1: ID | B1: Categoría del Recurso | C1: Recurso | D1: Origen | E1: V1​a Masa Crítica - Google (Contraste) (Número de Reseñas) | F1: V1​b Masa Crítica - TripAdvisor (Origen) (Número de Reseñas) | G1: V2a​ Calidad - Google (Contraste) (Puntuación 0-5) | H1: V2b​ Calidad - TripAdvisor (Origen) (Puntuación 0-5) | I1: V2 Ponderada | J1: V3​ Ranking - TripAdvisor | K1: V4a​ Grado de Presencia Algorítmica (web) | L1: V4b Grado de Presencia Algorítmica (maps libre) | M1: V4c​ Grado de Presencia Algorítmica (maps forzado) | N1: V4 Ponderada | O1: V5 Proximidad al Punto 0 (Metros) | P1: V6a Desviación Calidad (Contraste-Origen) | Q1: V6b Desviación de Calidad (Contraste-Ponderada) | R1: V6c Desviación de Calidad (Origen-Ponderada) | S1: V7 Grado de atención turística digital según ubicación | T1: V8 Grado de capital reputacional digital | U1: V9 Grado de Visibilidad Espacial Algorítmica en web | V1: V9 Grado de Visibilidad Espacial Algorítmica en maps libre | W1: V9 Grado de Visibilidad Espacial Algorítmica en maps libre | X1: V9 Ponderada | Y1: V10 Grado de Ventaja Algorítmica entre Plataformas | Z1: V11a Grado de Presión Turística Digital según web | AA1: V11b Grado de Presión Turística Digital según maps libre | AB1: V11c Grado de Presión Turística Digital según maps forzado | AC1: V11 Ponderada
A2: ='Atracción 1.1 (TripAdvisor)'!A26+1 -> 26 | B2: Atracción Turística | C2: Parque de los Descubrimientos | D2: Intruso | E2: 1503 | F2: 1 | G2: 4.3 | H2: 0 | I2: =((G2*E2)+(H2*F2))/SUM(E2,F2) -> 4.297141 | J2: - | K2: 806 | L2: 0 | M2: 0 | N2: =(K2*0.5)+(L2*0.4)+(M2*0.1) -> 403 | O2: 1540 | P2: =ABS(G2-H2) -> 4.3 | Q2: =ABS(H2-I2) -> 4.297141 | R2: =ABS(H2-I2) -> 4.297141 | S2: =SUM(E2,F2)/O2 -> 0.97662338 | T2: =LOG10(E2+F2)*I2 -> 13.653082 | U2: =(K2/O2)*100 -> 52.337662 | V2: =(L2/O2)*100 -> 0 | W2: =(M2/O2)*100 -> 0 | X2: =(N2/O2)*100 -> 26.168831 | Y2: =E2/F2 -> 1503 | Z2: =(SUM(E2,F2)/(K2+0.1))/100 -> 0.018657735 | AA2: =(SUM(E2,F2)/(L2+0.1))/100 -> 150.4 | AB2: =(SUM(E2,F2)/(M2+0.1))/100 -> 150.4 | AC2: =(SUM(E2,F2)/(N2+0.1))/100 -> 0.037310841
A3: =A2+1 -> 27 | B3: Atracción Turística | C3: Estanque Central de Plaza de América | D3: Intruso | E3: 52 | F3: 657 | G3: 4.8 | H3: 4.4 | I3: =((G3*E3)+(H3*F3))/SUM(E3,F3) -> 4.4293371 | J3: 40 | K3: 537 | L3: 93 | M3: 0 | N3: =(K3*0.5)+(L3*0.4)+(M3*0.1) -> 305.7 | O3: 1700 | P3: =ABS(G3-H3) -> 0.4 | Q3: =ABS(H3-I3) -> 0.029337094 | R3: =ABS(H3-I3) -> 0.029337094 | S3: =SUM(E3,F3)/O3 -> 0.41705882 | T3: =LOG10(E3+F3)*I3 -> 12.626473 | U3: =(K3/O3)*100 -> 31.588235 | V3: =(L3/O3)*100 -> 5.4705882 | W3: =(M3/O3)*100 -> 0 | X3: =(N3/O3)*100 -> 17.982353 | Y3: =E3/F3 -> 0.079147641 | Z3: =(SUM(E3,F3)/(K3+0.1))/100 -> 0.013200521 | AA3: =(SUM(E3,F3)/(L3+0.1))/100 -> 0.076154672 | AB3: =(SUM(E3,F3)/(M3+0.1))/100 -> 70.9 | AC3: =(SUM(E3,F3)/(N3+0.1))/100 -> 0.023185088
A4: =A3+1 -> 28 | B4: Atracción Turística | C4: Torre Sur | D4: Intruso | E4: 165 | F4: 3 | G4: 4.8 | H4: 4.3 | I4: =((G4*E4)+(H4*F4))/SUM(E4,F4) -> 4.7910714 | J4: 254 | K4: 347 | L4: 0 | M4: 0 | N4: =(K4*0.5)+(L4*0.4)+(M4*0.1) -> 173.5 | O4: 1250 | P4: =ABS(G4-H4) -> 0.5 | Q4: =ABS(H4-I4) -> 0.49107143 | R4: =ABS(H4-I4) -> 0.49107143 | S4: =SUM(E4,F4)/O4 -> 0.1344 | T4: =LOG10(E4+F4)*I4 -> 10.661616 | U4: =(K4/O4)*100 -> 27.76 | V4: =(L4/O4)*100 -> 0 | W4: =(M4/O4)*100 -> 0 | X4: =(N4/O4)*100 -> 13.88 | Y4: =E4/F4 -> 55 | Z4: =(SUM(E4,F4)/(K4+0.1))/100 -> 0.0048401037 | AA4: =(SUM(E4,F4)/(L4+0.1))/100 -> 16.8 | AB4: =(SUM(E4,F4)/(M4+0.1))/100 -> 16.8 | AC4: =(SUM(E4,F4)/(N4+0.1))/100 -> 0.0096774194
A5: =A4+1 -> 29 | B5: Atracción Turística | C5: Mosaico Guadalquivir | D5: Intruso | E5: 21 | F5: 1 | G5: 4.5 | H5: 0 | I5: =((G5*E5)+(H5*F5))/SUM(E5,F5) -> 4.2954545 | J5: - | K5: 182 | L5: 0 | M5: 0 | N5: =(K5*0.5)+(L5*0.4)+(M5*0.1) -> 91 | O5: 864 | P5: =ABS(G5-H5) -> 4.5 | Q5: =ABS(H5-I5) -> 4.2954545 | R5: =ABS(H5-I5) -> 4.2954545 | S5: =SUM(E5,F5)/O5 -> 0.025462963 | T5: =LOG10(E5+F5)*I5 -> 5.7663156 | U5: =(K5/O5)*100 -> 21.064815 | V5: =(L5/O5)*100 -> 0 | W5: =(M5/O5)*100 -> 0 | X5: =(N5/O5)*100 -> 10.532407 | Y5: =E5/F5 -> 21 | Z5: =(SUM(E5,F5)/(K5+0.1))/100 -> 0.0012081274 | AA5: =(SUM(E5,F5)/(L5+0.1))/100 -> 2.2 | AB5: =(SUM(E5,F5)/(M5+0.1))/100 -> 2.2 | AC5: =(SUM(E5,F5)/(N5+0.1))/100 -> 0.0024149286
A6: =A5+1 -> 30 | B6: Atracción Turística | C6: Fuente de las Cuatro Estaciones | D6: Intruso | E6: 46 | F6: 17 | G6: 4.7 | H6: 3.7 | I6: =((G6*E6)+(H6*F6))/SUM(E6,F6) -> 4.4301587 | J6: 187 | K6: 13 | L6: 390 | M6: 0 | N6: =(K6*0.5)+(L6*0.4)+(M6*0.1) -> 162.5 | O6: 671 | P6: =ABS(G6-H6) -> 1 | Q6: =ABS(H6-I6) -> 0.73015873 | R6: =ABS(H6-I6) -> 0.73015873 | S6: =SUM(E6,F6)/O6 -> 0.093889717 | T6: =LOG10(E6+F6)*I6 -> 7.9713642 | U6: =(K6/O6)*100 -> 1.9374069 | V6: =(L6/O6)*100 -> 58.122206 | W6: =(M6/O6)*100 -> 0 | X6: =(N6/O6)*100 -> 24.217586 | Y6: =E6/F6 -> 2.7058824 | Z6: =(SUM(E6,F6)/(K6+0.1))/100 -> 0.048091603 | AA6: =(SUM(E6,F6)/(L6+0.1))/100 -> 0.0016149705 | AB6: =(SUM(E6,F6)/(M6+0.1))/100 -> 6.3 | AC6: =(SUM(E6,F6)/(N6+0.1))/100 -> 0.0038745387
A7: =A6+1 -> 31 | B7: Atracción Turística | C7: Reja del Diablo | D7: Intruso | E7: 64 | F7: 1 | G7: 4.5 | H7: 0 | I7: =((G7*E7)+(H7*F7))/SUM(E7,F7) -> 4.4307692 | J7: - | K7: 0 | L7: 272 | M7: 50 | N7: =(K7*0.5)+(L7*0.4)+(M7*0.1) -> 113.8 | O7: 363 | P7: =ABS(G7-H7) -> 4.5 | Q7: =ABS(H7-I7) -> 4.4307692 | R7: =ABS(H7-I7) -> 4.4307692 | S7: =SUM(E7,F7)/O7 -> 0.17906336 | T7: =LOG10(E7+F7)*I7 -> 8.0326007 | U7: =(K7/O7)*100 -> 0 | V7: =(L7/O7)*100 -> 74.931129 | W7: =(M7/O7)*100 -> 13.774105 | X7: =(N7/O7)*100 -> 31.349862 | Y7: =E7/F7 -> 64 | Z7: =(SUM(E7,F7)/(K7+0.1))/100 -> 6.5 | AA7: =(SUM(E7,F7)/(L7+0.1))/100 -> 0.0023888276 | AB7: =(SUM(E7,F7)/(M7+0.1))/100 -> 0.012974052 | AC7: =(SUM(E7,F7)/(N7+0.1))/100 -> 0.0057067603
A8: =A7+1 -> 32 | B8: Atracción Turística | C8: Monte Gurugú | D8: Intruso | E8: 388 | F8: 1 | G8: 4.4 | H8: 5 | I8: =((G8*E8)+(H8*F8))/SUM(E8,F8) -> 4.4015424 | J8: 355 | K8: 0 | L8: 183 | M8: 133 | N8: =(K8*0.5)+(L8*0.4)+(M8*0.1) -> 86.5 | O8: 1520 | P8: =ABS(G8-H8) -> 0.6 | Q8: =ABS(H8-I8) -> 0.59845758 | R8: =ABS(H8-I8) -> 0.59845758 | S8: =SUM(E8,F8)/O8 -> 0.25592105 | T8: =LOG10(E8+F8)*I8 -> 11.399773 | U8: =(K8/O8)*100 -> 0 | V8: =(L8/O8)*100 -> 12.039474 | W8: =(M8/O8)*100 -> 8.75 | X8: =(N8/O8)*100 -> 5.6907895 | Y8: =E8/F8 -> 388 | Z8: =(SUM(E8,F8)/(K8+0.1))/100 -> 38.9 | AA8: =(SUM(E8,F8)/(L8+0.1))/100 -> 0.021245221 | AB8: =(SUM(E8,F8)/(M8+0.1))/100 -> 0.029226146 | AC8: =(SUM(E8,F8)/(N8+0.1))/100 -> 0.044919169
A9: =A8+1 -> 33 | B9: Atracción Turística | C9: Arco de la Macarena | D9: Intruso | E9: 4300 | F9: 42 | G9: 4.5 | H9: 3.8 | I9: =((G9*E9)+(H9*F9))/SUM(E9,F9) -> 4.4932289 | J9: 107 | K9: 33 | L9: 163 | M9: 150 | N9: =(K9*0.5)+(L9*0.4)+(M9*0.1) -> 96.7 | O9: 1870 | P9: =ABS(G9-H9) -> 0.7 | Q9: =ABS(H9-I9) -> 0.69322893 | R9: =ABS(H9-I9) -> 0.69322893 | S9: =SUM(E9,F9)/O9 -> 2.3219251 | T9: =LOG10(E9+F9)*I9 -> 16.344973 | U9: =(K9/O9)*100 -> 1.7647059 | V9: =(L9/O9)*100 -> 8.7165775 | W9: =(M9/O9)*100 -> 8.0213904 | X9: =(N9/O9)*100 -> 5.171123 | Y9: =E9/F9 -> 102.38095 | Z9: =(SUM(E9,F9)/(K9+0.1))/100 -> 1.3117825 | AA9: =(SUM(E9,F9)/(L9+0.1))/100 -> 0.26621704 | AB9: =(SUM(E9,F9)/(M9+0.1))/100 -> 0.28927382 | AC9: =(SUM(E9,F9)/(N9+0.1))/100 -> 0.44855372
A10: =A9+1 -> 34 | B10: Atracción Turística | C10: Mural "De Viaje" de Cn6 | D10: Intruso | E10: 1 | F10: 1 | G10: 1 | H10: 0 | I10: =((G10*E10)+(H10*F10))/SUM(E10,F10) -> 0.5 | J10: - | K10: 0 | L10: 140 | M10: 0 | N10: =(K10*0.5)+(L10*0.4)+(M10*0.1) -> 56 | O10: 1140 | P10: =ABS(G10-H10) -> 1 | Q10: =ABS(H10-I10) -> 0.5 | R10: =ABS(H10-I10) -> 0.5 | S10: =SUM(E10,F10)/O10 -> 0.001754386 | T10: =LOG10(E10+F10)*I10 -> 0.150515 | U10: =(K10/O10)*100 -> 0 | V10: =(L10/O10)*100 -> 12.280702 | W10: =(M10/O10)*100 -> 0 | X10: =(N10/O10)*100 -> 4.9122807 | Y10: =E10/F10 -> 1 | Z10: =(SUM(E10,F10)/(K10+0.1))/100 -> 0.2 | AA10: =(SUM(E10,F10)/(L10+0.1))/100 -> 0.00014275517 | AB10: =(SUM(E10,F10)/(M10+0.1))/100 -> 0.2 | AC10: =(SUM(E10,F10)/(N10+0.1))/100 -> 0.00035650624
A11: =A10+1 -> 35 | B11: Atracción Turística | C11: Mural "De Viaje" de Kato | D11: Intruso | E11: 0 | F11: 1 | G11: 0 | H11: 0 | I11: 0 | J11: - | K11: 0 | L11: 112 | M11: 25 | N11: =(K11*0.5)+(L11*0.4)+(M11*0.1) -> 47.3 | O11: 1560 | P11: =ABS(G11-H11) -> 0 | Q11: =ABS(H11-I11) -> 0 | R11: =ABS(H11-I11) -> 0 | S11: =SUM(E11,F11)/O11 -> 0.00064102564 | T11: 0 | U11: =(K11/O11)*100 -> 0 | V11: =(L11/O11)*100 -> 7.1794872 | W11: =(M11/O11)*100 -> 1.6025641 | X11: =(N11/O11)*100 -> 3.0320513 | Y11: =E11/F11 -> 0 | Z11: =(SUM(E11,F11)/(K11+0.1))/100 -> 0.1 | AA11: =(SUM(E11,F11)/(L11+0.1))/100 -> 8.9206066e-05 | AB11: =(SUM(E11,F11)/(M11+0.1))/100 -> 0.00039840637 | AC11: =(SUM(E11,F11)/(N11+0.1))/100 -> 0.00021097046
B21: INFO

Sheet Atracciones Turísticas Completo
A1: ID | B1: Categoría del Recurso | C1: Recurso | D1: Origen | E1: V1​a Masa Crítica - Google (Contraste) (Número de Reseñas) | F1: V1​b Masa Crítica - TripAdvisor (Origen) (Número de Reseñas) | G1: V2a​ Calidad - Google (Contraste) (Puntuación 0-5) | H1: V2b​ Calidad - TripAdvisor (Origen) (Puntuación 0-5) | I1: V2 Ponderada | J1: V3 In Ta | K1: V3​ Ranking - TripAdvisor | L1: V4a​ Grado de Presencia Algorítmica (web) | M1: V4b Grado de Presencia Algorítmica (maps libre) | N1: V4c​ Grado de Presencia Algorítmica (maps forzado) | O1: V4 Ponderada | P1: V5 Proximidad al Punto 0 (Metros) | Q1: V6a Desviación Calidad (Contraste-Origen) | R1: V6b Desviación de Calidad (Contraste-Ponderada) | S1: V6c Desviación de Calidad (Origen-Ponderada) | T1: V7 Grado de atención turística digital según ubicación | U1: V8 Grado de capital reputacional digital | V1: V9a Grado de Visibilidad Espacial Algorítmica en web | W1: V9b Grado de Visibilidad Espacial Algorítmica en maps libre | X1: V9c Grado de Visibilidad Espacial Algorítmica en maps forzado | Y1: V9 Ponderada | Z1: V10 Grado de Ventaja Algorítmica entre Plataformas | AA1: V11a Grado de Presión Turística Digital según web | AB1: V11b Grado de Presión Turística Digital según maps libre | AC1: V11c Grado de Presión Turística Digital según maps forzado | AD1: V11 Ponderada
A2: 1 | B2: Atracción Turística | C2: Plaza de España | D2: TripAdvisor | E2: 181284 | F2: 45480 | G2: 4.8 | H2: 4.8 | I2: =((G2*E2)+(H2*F2))/SUM(E2,F2) -> 4.8 | J2: =IF(K2>0,1,0) -> 1 | K2: 1 | L2: 0 | M2: 0 | N2: 0 | O2: =(L2*0.5)+(M2*0.4)+(N2*0.1) -> 0 | P2: 1120 | Q2: =ABS(G2-H2) -> 0 | R2: =ABS(H2-I2) -> 0 | S2: =ABS(H2-I2) -> 0 | T2: =SUM(E2,F2)/P2 -> 202.46786 | U2: =LOG10(E2+F2)*I2 -> 25.706756 | V2: =(L2/P2)*100 -> 0 | W2: =(M2/P2)*100 -> 0 | X2: =(N2/P2)*100 -> 0 | Y2: =(O2/P2)*100 -> 0 | Z2: =E2/F2 -> 3.9860158 | AA2: =(SUM(E2,F2)/(L2+0.1))/100 -> 22676.4 | AB2: =(SUM(E2,F2)/(M2+0.1))/100 -> 22676.4 | AC2: =(SUM(E2,F2)/(N2+0.1))/100 -> 22676.4 | AD2: =(SUM(E2,F2)/(O2+0.1))/100 -> 22676.4
A3: =A2+1 -> 2 | B3: Atracción Turística | C3: Real Alcázar de Sevilla | D3: TripAdvisor | E3: 98150 | F3: 36806 | G3: 4.7 | H3: 4.7 | I3: =((G3*E3)+(H3*F3))/SUM(E3,F3) -> 4.7 | J3: =IF(K3>0,1,0) -> 1 | K3: 2 | L3: 0 | M3: 0 | N3: 0 | O3: =(L3*0.5)+(M3*0.4)+(N3*0.1) -> 0 | P3: 400 | Q3: =ABS(G3-H3) -> 0 | R3: =ABS(G3-I3) -> 8.8817842e-16 | S3: =ABS(H3-I3) -> 8.8817842e-16 | T3: =SUM(E3,F3)/P3 -> 337.39 | U3: =LOG10(E3+F3)*I3 -> 24.111903 | V3: =(L3/P3)*100 -> 0 | W3: =(M3/P3)*100 -> 0 | X3: =(N3/P3)*100 -> 0 | Y3: =(O3/P3)*100 -> 0 | Z3: =E3/F3 -> 2.6666848 | AA3: =(SUM(E3,F3)/(L3+0.1))/100 -> 13495.6 | AB3: =(SUM(E3,F3)/(M3+0.1))/100 -> 13495.6 | AC3: =(SUM(E3,F3)/(N3+0.1))/100 -> 13495.6 | AD3: =(SUM(E3,F3)/(O3+0.1))/100 -> 13495.6
A4: =A3+1 -> 3 | B4: Atracción Turística | C4: Catedral de Sevilla | D4: TripAdvisor | E4: 57330 | F4: 27294 | G4: 4.8 | H4: 4.6 | I4: =((G4*E4)+(H4*F4))/SUM(E4,F4) -> 4.7354935 | J4: =IF(K4>0,1,0) -> 1 | K4: 3 | L4: 0 | M4: 0 | N4: 0 | O4: =(L4*0.5)+(M4*0.4)+(N4*0.1) -> 0 | P4: 59 | Q4: =ABS(G4-H4) -> 0.2 | R4: =ABS(G4-I4) -> 0.064506523 | S4: =ABS(H4-I4) -> 0.13549348 | T4: =SUM(E4,F4)/P4 -> 1434.3051 | U4: =LOG10(E4+F4)*I4 -> 23.334114 | V4: =(L4/P4)*100 -> 0 | W4: =(M4/P4)*100 -> 0 | X4: =(N4/P4)*100 -> 0 | Y4: =(O4/P4)*100 -> 0 | Z4: =E4/F4 -> 2.1004616 | AA4: =(SUM(E4,F4)/(L4+0.1))/100 -> 8462.4 | AB4: =(SUM(E4,F4)/(M4+0.1))/100 -> 8462.4 | AC4: =(SUM(E4,F4)/(N4+0.1))/100 -> 8462.4 | AD4: =(SUM(E4,F4)/(O4+0.1))/100 -> 8462.4
A5: =A4+1 -> 4 | B5: Atracción Turística | C5: Setas de Sevilla | D5: TripAdvisor | E5: 105610 | F5: 11354 | G5: 4.4 | H5: 4 | I5: =((G5*E5)+(H5*F5))/SUM(E5,F5) -> 4.361171 | J5: =IF(K5>0,1,0) -> 1 | K5: 5 | L5: 150 | M5: 0 | N5: 0 | O5: =(L5*0.5)+(M5*0.4)+(N5*0.1) -> 75 | P5: 793 | Q5: =ABS(G5-H5) -> 0.4 | R5: =ABS(G5-I5) -> 0.038829041 | S5: =ABS(H5-I5) -> 0.36117096 | T5: =SUM(E5,F5)/P5 -> 147.49559 | U5: =LOG10(E5+F5)*I5 -> 22.102642 | V5: =(L5/P5)*100 -> 18.915511 | W5: =(M5/P5)*100 -> 0 | X5: =(N5/P5)*100 -> 0 | Y5: =(O5/P5)*100 -> 9.4577554 | Z5: =E5/F5 -> 9.3015677 | AA5: =(SUM(E5,F5)/(L5+0.1))/100 -> 7.7924051 | AB5: =(SUM(E5,F5)/(M5+0.1))/100 -> 11696.4 | AC5: =(SUM(E5,F5)/(N5+0.1))/100 -> 11696.4 | AD5: =(SUM(E5,F5)/(O5+0.1))/100 -> 15.574434
A6: =A5+1 -> 5 | B6: Atracción Turística | C6: Parque de María Luisa | D6: TripAdvisor | E6: 41265 | F6: 7162 | G6: 4.8 | H6: 4.5 | I6: =((G6*E6)+(H6*F6))/SUM(E6,F6) -> 4.7556322 | J6: =IF(K6>0,1,0) -> 1 | K6: 6 | L6: 1500 | M6: 0 | N6: 0 | O6: =(L6*0.5)+(M6*0.4)+(N6*0.1) -> 750 | P6: 1450 | Q6: =ABS(G6-H6) -> 0.3 | R6: =ABS(G6-I6) -> 0.044367811 | S6: =ABS(H6-I6) -> 0.25563219 | T6: =SUM(E6,F6)/P6 -> 33.397931 | U6: =LOG10(E6+F6)*I6 -> 22.280553 | V6: =(L6/P6)*100 -> 103.44828 | W6: =(M6/P6)*100 -> 0 | X6: =(N6/P6)*100 -> 0 | Y6: =(O6/P6)*100 -> 51.724138 | Z6: =E6/F6 -> 5.7616588 | AA6: =(SUM(E6,F6)/(L6+0.1))/100 -> 0.32282514 | AB6: =(SUM(E6,F6)/(M6+0.1))/100 -> 4842.7 | AC6: =(SUM(E6,F6)/(N6+0.1))/100 -> 4842.7 | AD6: =(SUM(E6,F6)/(O6+0.1))/100 -> 0.64560725
A7: =A6+1 -> 6 | B7: Atracción Turística | C7: La Giralda (Punto 0) | D7: TripAdvisor | E7: 55912 | F7: 11034 | G7: 4.7 | H7: 4.6 | I7: =((G7*E7)+(H7*F7))/SUM(E7,F7) -> 4.6835181 | J7: =IF(K7>0,1,0) -> 1 | K7: 7 | L7: 0 | M7: 1683 | N7: 100 | O7: =(L7*0.5)+(M7*0.4)+(N7*0.1) -> 683.2 | P7: 0.01 | Q7: =ABS(G7-H7) -> 0.1 | R7: =ABS(G7-I7) -> 0.016481941 | S7: =ABS(H7-I7) -> 0.083518059 | T7: =SUM(E7,F7)/P7 -> 6694600 | U7: =LOG10(E7+F7)*I7 -> 22.601368 | V7: =(L7/P7)*100 -> 0 | W7: =(M7/P7)*100 -> 16830000 | X7: =(N7/P7)*100 -> 1000000 | Y7: =(O7/P7)*100 -> 6832000 | Z7: =E7/F7 -> 5.0672467 | AA7: =(SUM(E7,F7)/(L7+0.1))/100 -> 6694.6 | AB7: =(SUM(E7,F7)/(M7+0.1))/100 -> 0.39775414 | AC7: =(SUM(E7,F7)/(N7+0.1))/100 -> 6.6879121 | AD7: =(SUM(E7,F7)/(O7+0.1))/100 -> 0.97974535
A8: =A7+1 -> 7 | B8: Atracción Turística | C8: Casa de Pilatos | D8: TripAdvisor | E8: 13802 | F8: 3929 | G8: 4.4 | H8: 4.3 | I8: =((G8*E8)+(H8*F8))/SUM(E8,F8) -> 4.3778411 | J8: =IF(K8>0,1,0) -> 1 | K8: 8 | L8: 0 | M8: 0 | N8: 0 | O8: =(L8*0.5)+(M8*0.4)+(N8*0.1) -> 0 | P8: 641 | Q8: =ABS(G8-H8) -> 0.1 | R8: =ABS(G8-I8) -> 0.022158931 | S8: =ABS(H8-I8) -> 0.077841069 | T8: =SUM(E8,F8)/P8 -> 27.661466 | U8: =LOG10(E8+F8)*I8 -> 18.600279 | V8: =(L8/P8)*100 -> 0 | W8: =(M8/P8)*100 -> 0 | X8: =(N8/P8)*100 -> 0 | Y8: =(O8/P8)*100 -> 0 | Z8: =E8/F8 -> 3.5128531 | AA8: =(SUM(E8,F8)/(L8+0.1))/100 -> 1773.1 | AB8: =(SUM(E8,F8)/(M8+0.1))/100 -> 1773.1 | AC8: =(SUM(E8,F8)/(N8+0.1))/100 -> 1773.1 | AD8: =(SUM(E8,F8)/(O8+0.1))/100 -> 1773.1
A9: =A8+1 -> 8 | B9: Atracción Turística | C9: Mercado de Triana | D9: TripAdvisor | E9: 10654 | F9: 1132 | G9: 4.4 | H9: 4 | I9: =((G9*E9)+(H9*F9))/SUM(E9,F9) -> 4.3615815 | J9: =IF(K9>0,1,0) -> 1 | K9: 11 | L9: 0 | M9: 0 | N9: 0 | O9: =(L9*0.5)+(M9*0.4)+(N9*0.1) -> 0 | P9: 974 | Q9: =ABS(G9-H9) -> 0.4 | R9: =ABS(G9-I9) -> 0.038418463 | S9: =ABS(H9-I9) -> 0.36158154 | T9: =SUM(E9,F9)/P9 -> 12.100616 | U9: =LOG10(E9+F9)*I9 -> 17.757597 | V9: =(L9/P9)*100 -> 0 | W9: =(M9/P9)*100 -> 0 | X9: =(N9/P9)*100 -> 0 | Y9: =(O9/P9)*100 -> 0 | Z9: =E9/F9 -> 9.4116608 | AA9: =(SUM(E9,F9)/(L9+0.1))/100 -> 1178.6 | AB9: =(SUM(E9,F9)/(M9+0.1))/100 -> 1178.6 | AC9: =(SUM(E9,F9)/(N9+0.1))/100 -> 1178.6 | AD9: =(SUM(E9,F9)/(O9+0.1))/100 -> 1178.6
A10: =A9+1 -> 9 | B10: Atracción Turística | C10: Museo de Bellas Artes | D10: TripAdvisor | E10: 16014 | F10: 2218 | G10: 4.7 | H10: 4.4 | I10: =((G10*E10)+(H10*F10))/SUM(E10,F10) -> 4.6635037 | J10: =IF(K10>0,1,0) -> 1 | K10: 12 | L10: 0 | M10: 0 | N10: 0 | O10: =(L10*0.5)+(M10*0.4)+(N10*0.1) -> 0 | P10: 962 | Q10: =ABS(G10-H10) -> 0.3 | R10: =ABS(G10-I10) -> 0.03649627 | S10: =ABS(H10-I10) -> 0.26350373 | T10: =SUM(E10,F10)/P10 -> 18.952183 | U10: =LOG10(E10+F10)*I10 -> 19.870417 | V10: =(L10/P10)*100 -> 0 | W10: =(M10/P10)*100 -> 0 | X10: =(N10/P10)*100 -> 0 | Y10: =(O10/P10)*100 -> 0 | Z10: =E10/F10 -> 7.220018 | AA10: =(SUM(E10,F10)/(L10+0.1))/100 -> 1823.2 | AB10: =(SUM(E10,F10)/(M10+0.1))/100 -> 1823.2 | AC10: =(SUM(E10,F10)/(N10+0.1))/100 -> 1823.2 | AD10: =(SUM(E10,F10)/(O10+0.1))/100 -> 1823.2
A11: =A10+1 -> 10 | B11: Atracción Turística | C11: Real Maestranza de Caballería | D11: TripAdvisor | E11: 31701 | F11: 5718 | G11: 4.4 | H11: 4.1 | I11: =((G11*E11)+(H11*F11))/SUM(E11,F11) -> 4.354157 | J11: =IF(K11>0,1,0) -> 1 | K11: 13 | L11: 0 | M11: 0 | N11: 0 | O11: =(L11*0.5)+(M11*0.4)+(N11*0.1) -> 0 | P11: 553 | Q11: =ABS(G11-H11) -> 0.3 | R11: =ABS(G11-I11) -> 0.045843021 | S11: =ABS(H11-I11) -> 0.25415698 | T11: =SUM(E11,F11)/P11 -> 67.665461 | U11: =LOG10(E11+F11)*I11 -> 19.911961 | V11: =(L11/P11)*100 -> 0 | W11: =(M11/P11)*100 -> 0 | X11: =(N11/P11)*100 -> 0 | Y11: =(O11/P11)*100 -> 0 | Z11: =E11/F11 -> 5.5440714 | AA11: =(SUM(E11,F11)/(L11+0.1))/100 -> 3741.9 | AB11: =(SUM(E11,F11)/(M11+0.1))/100 -> 3741.9 | AC11: =(SUM(E11,F11)/(N11+0.1))/100 -> 3741.9 | AD11: =(SUM(E11,F11)/(O11+0.1))/100 -> 3741.9
A12: =A11+1 -> 11 | B12: Atracción Turística | C12: Basílica de la Macarena | D12: TripAdvisor | E12: 3506 | F12: 2484 | G12: 4.8 | H12: 4.4 | I12: =((G12*E12)+(H12*F12))/SUM(E12,F12) -> 4.6341235 | J12: =IF(K12>0,1,0) -> 1 | K12: 14 | L12: 0 | M12: 0 | N12: 0 | O12: =(L12*0.5)+(M12*0.4)+(N12*0.1) -> 0 | P12: 1850 | Q12: =ABS(G12-H12) -> 0.4 | R12: =ABS(G12-I12) -> 0.16587646 | S12: =ABS(H12-I12) -> 0.23412354 | T12: =SUM(E12,F12)/P12 -> 3.2378378 | U12: =LOG10(E12+F12)*I12 -> 17.505063 | V12: =(L12/P12)*100 -> 0 | W12: =(M12/P12)*100 -> 0 | X12: =(N12/P12)*100 -> 0 | Y12: =(O12/P12)*100 -> 0 | Z12: =E12/F12 -> 1.4114332 | AA12: =(SUM(E12,F12)/(L12+0.1))/100 -> 599 | AB12: =(SUM(E12,F12)/(M12+0.1))/100 -> 599 | AC12: =(SUM(E12,F12)/(N12+0.1))/100 -> 599 | AD12: =(SUM(E12,F12)/(O12+0.1))/100 -> 599
A13: =A12+1 -> 12 | B13: Atracción Turística | C13: Isla Mágica | D13: TripAdvisor | E13: 32790 | F13: 2730 | G13: 4.1 | H13: 3.6 | I13: =((G13*E13)+(H13*F13))/SUM(E13,F13) -> 4.0615709 | J13: =IF(K13>0,1,0) -> 1 | K13: 15 | L13: 8 | M13: 0 | N13: 0 | O13: =(L13*0.5)+(M13*0.4)+(N13*0.1) -> 4 | P13: 2260 | Q13: =ABS(G13-H13) -> 0.5 | R13: =ABS(G13-I13) -> 0.038429054 | S13: =ABS(H13-I13) -> 0.46157095 | T13: =SUM(E13,F13)/P13 -> 15.716814 | U13: =LOG10(E13+F13)*I13 -> 18.482069 | V13: =(L13/P13)*100 -> 0.3539823 | W13: =(M13/P13)*100 -> 0 | X13: =(N13/P13)*100 -> 0 | Y13: =(O13/P13)*100 -> 0.17699115 | Z13: =E13/F13 -> 12.010989 | AA13: =(SUM(E13,F13)/(L13+0.1))/100 -> 43.851852 | AB13: =(SUM(E13,F13)/(M13+0.1))/100 -> 3552 | AC13: =(SUM(E13,F13)/(N13+0.1))/100 -> 3552 | AD13: =(SUM(E13,F13)/(O13+0.1))/100 -> 86.634146
A14: =A13+1 -> 13 | B14: Atracción Turística | C14: Museo de las Ilusiones de Sevilla | D14: TripAdvisor | E14: 4771 | F14: 527 | G14: 4.5 | H14: 4.7 | I14: =((G14*E14)+(H14*F14))/SUM(E14,F14) -> 4.5198943 | J14: =IF(K14>0,1,0) -> 1 | K14: 16 | L14: 0 | M14: 0 | N14: 0 | O14: =(L14*0.5)+(M14*0.4)+(N14*0.1) -> 0 | P14: 743 | Q14: =ABS(G14-H14) -> 0.2 | R14: =ABS(G14-I14) -> 0.0198943 | S14: =ABS(H14-I14) -> 0.1801057 | T14: =SUM(E14,F14)/P14 -> 7.1305518 | U14: =LOG10(E14+F14)*I14 -> 16.832592 | V14: =(L14/P14)*100 -> 0 | W14: =(M14/P14)*100 -> 0 | X14: =(N14/P14)*100 -> 0 | Y14: =(O14/P14)*100 -> 0 | Z14: =E14/F14 -> 9.0531309 | AA14: =(SUM(E14,F14)/(L14+0.1))/100 -> 529.8 | AB14: =(SUM(E14,F14)/(M14+0.1))/100 -> 529.8 | AC14: =(SUM(E14,F14)/(N14+0.1))/100 -> 529.8 | AD14: =(SUM(E14,F14)/(O14+0.1))/100 -> 529.8
... A26: =A25+1 -> 25 | B26: Atracción Turística | C26: Torre del Oro | D26: TripAdvisor | E26: 53575 | F26: 2469 | G26: 4.5 | H26: 3.9 | I26: =((G26*E26)+(H26*F26))/SUM(E26,F26) -> 4.4735672 | J26: =IF(K26>0,1,0) -> 1 | K26: 33 | L26: 0 | M26: 0 | N26: 0 | O26: =(L26*0.5)+(M26*0.4)+(N26*0.1) -> 0 | P26: 522 | Q26: =ABS(G26-H26) -> 0.6 | R26: =ABS(G26-I26) -> 0.026432803 | S26: =ABS(H26-I26) -> 0.5735672 | T26: =SUM(E26,F26)/P26 -> 107.36398 | U26: =LOG10(E26+F26)*I26 -> 21.242864 | V26: =(L26/P26)*100 -> 0 | W26: =(M26/P26)*100 -> 0 | X26: =(N26/P26)*100 -> 0 | Y26: =(O26/P26)*100 -> 0 | Z26: =E26/F26 -> 21.699068 | AA26: =(SUM(E26,F26)/(L26+0.1))/100 -> 5604.4 | AB26: =(SUM(E26,F26)/(M26+0.1))/100 -> 5604.4 | AC26: =(SUM(E26,F26)/(N26+0.1))/100 -> 5604.4 | AD26: =(SUM(E26,F26)/(O26+0.1))/100 -> 5604.4
A27: =A26+1 -> 26 | B27: Atracción Turística | C27: Parque de los Descubrimientos | D27: Intruso | E27: 1503 | F27: 1 | G27: 4.3 | H27: 0 | I27: =((G27*E27)+(H27*F27))/SUM(E27,F27) -> 4.297141 | J27: =IF(K27>0,1,0) -> 0 | K27: 0 | L27: 806 | M27: 0 | N27: 0 | O27: =(L27*0.5)+(M27*0.4)+(N27*0.1) -> 403 | P27: 1540 | Q27: =ABS(G27-H27) -> 4.3 | R27: =ABS(H27-I27) -> 4.297141 | S27: =ABS(H27-I27) -> 4.297141 | T27: =SUM(E27,F27)/P27 -> 0.97662338 | U27: =LOG10(E27+F27)*I27 -> 13.653082 | V27: =(L27/P27)*100 -> 52.337662 | W27: =(M27/P27)*100 -> 0 | X27: =(N27/P27)*100 -> 0 | Y27: =(O27/P27)*100 -> 26.168831 | Z27: =E27/F27 -> 1503 | AA27: =(SUM(E27,F27)/(L27+0.1))/100 -> 0.018657735 | AB27: =(SUM(E27,F27)/(M27+0.1))/100 -> 150.4 | AC27: =(SUM(E27,F27)/(N27+0.1))/100 -> 150.4 | AD27: =(SUM(E27,F27)/(O27+0.1))/100 -> 0.037310841
A28: =A27+1 -> 27 | B28: Atracción Turística | C28: Estanque Central de Plaza de América | D28: Intruso | E28: 52 | F28: 657 | G28: 4.8 | H28: 4.4 | I28: =((G28*E28)+(H28*F28))/SUM(E28,F28) -> 4.4293371 | J28: =IF(K28>0,1,0) -> 1 | K28: 40 | L28: 537 | M28: 93 | N28: 0 | O28: =(L28*0.5)+(M28*0.4)+(N28*0.1) -> 305.7 | P28: 1700 | Q28: =ABS(G28-H28) -> 0.4 | R28: =ABS(H28-I28) -> 0.029337094 | S28: =ABS(H28-I28) -> 0.029337094 | T28: =SUM(E28,F28)/P28 -> 0.41705882 | U28: =LOG10(E28+F28)*I28 -> 12.626473 | V28: =(L28/P28)*100 -> 31.588235 | W28: =(M28/P28)*100 -> 5.4705882 | X28: =(N28/P28)*100 -> 0 | Y28: =(O28/P28)*100 -> 17.982353 | Z28: =E28/F28 -> 0.079147641 | AA28: =(SUM(E28,F28)/(L28+0.1))/100 -> 0.013200521 | AB28: =(SUM(E28,F28)/(M28+0.1))/100 -> 0.076154672 | AC28: =(SUM(E28,F28)/(N28+0.1))/100 -> 70.9 | AD28: =(SUM(E28,F28)/(O28+0.1))/100 -> 0.023185088
A29: =A28+1 -> 28 | B29: Atracción Turística | C29: Torre Sur | D29: Intruso | E29: 165 | F29: 3 | G29: 4.8 | H29: 4.3 | I29: =((G29*E29)+(H29*F29))/SUM(E29,F29) -> 4.7910714 | J29: =IF(K29>0,1,0) -> 1 | K29: 254 | L29: 347 | M29: 0 | N29: 0 | O29: =(L29*0.5)+(M29*0.4)+(N29*0.1) -> 173.5 | P29: 1250 | Q29: =ABS(G29-H29) -> 0.5 | R29: =ABS(H29-I29) -> 0.49107143 | S29: =ABS(H29-I29) -> 0.49107143 | T29: =SUM(E29,F29)/P29 -> 0.1344 | U29: =LOG10(E29+F29)*I29 -> 10.661616 | V29: =(L29/P29)*100 -> 27.76 | W29: =(M29/P29)*100 -> 0 | X29: =(N29/P29)*100 -> 0 | Y29: =(O29/P29)*100 -> 13.88 | Z29: =E29/F29 -> 55 | AA29: =(SUM(E29,F29)/(L29+0.1))/100 -> 0.0048401037 | AB29: =(SUM(E29,F29)/(M29+0.1))/100 -> 16.8 | AC29: =(SUM(E29,F29)/(N29+0.1))/100 -> 16.8 | AD29: =(SUM(E29,F29)/(O29+0.1))/100 -> 0.0096774194
A30: =A29+1 -> 29 | B30: Atracción Turística | C30: Mosaico Guadalquivir | D30: Intruso | E30: 21 | F30: 1 | G30: 4.5 | H30: 0 | I30: =((G30*E30)+(H30*F30))/SUM(E30,F30) -> 4.2954545 | J30: =IF(K30>0,1,0) -> 0 | K30: 0 | L30: 182 | M30: 0 | N30: 0 | O30: =(L30*0.5)+(M30*0.4)+(N30*0.1) -> 91 | P30: 864 | Q30: =ABS(G30-H30) -> 4.5 | R30: =ABS(H30-I30) -> 4.2954545 | S30: =ABS(H30-I30) -> 4.2954545 | T30: =SUM(E30,F30)/P30 -> 0.025462963 | U30: =LOG10(E30+F30)*I30 -> 5.7663156 | V30: =(L30/P30)*100 -> 21.064815 | W30: =(M30/P30)*100 -> 0 | X30: =(N30/P30)*100 -> 0 | Y30: =(O30/P30)*100 -> 10.532407 | Z30: =E30/F30 -> 21 | AA30: =(SUM(E30,F30)/(L30+0.1))/100 -> 0.0012081274 | AB30: =(SUM(E30,F30)/(M30+0.1))/100 -> 2.2 | AC30: =(SUM(E30,F30)/(N30+0.1))/100 -> 2.2 | AD30: =(SUM(E30,F30)/(O30+0.1))/100 -> 0.0024149286
A31: =A30+1 -> 30 | B31: Atracción Turística | C31: Fuente de las Cuatro Estaciones | D31: Intruso | E31: 46 | F31: 17 | G31: 4.7 | H31: 3.7 | I31: =((G31*E31)+(H31*F31))/SUM(E31,F31) -> 4.4301587 | J31: =IF(K31>0,1,0) -> 1 | K31: 187 | L31: 13 | M31: 390 | N31: 0 | O31: =(L31*0.5)+(M31*0.4)+(N31*0.1) -> 162.5 | P31: 671 | Q31: =ABS(G31-H31) -> 1 | R31: =ABS(H31-I31) -> 0.73015873 | S31: =ABS(H31-I31) -> 0.73015873 | T31: =SUM(E31,F31)/P31 -> 0.093889717 | U31: =LOG10(E31+F31)*I31 -> 7.9713642 | V31: =(L31/P31)*100 -> 1.9374069 | W31: =(M31/P31)*100 -> 58.122206 | X31: =(N31/P31)*100 -> 0 | Y31: =(O31/P31)*100 -> 24.217586 | Z31: =E31/F31 -> 2.7058824 | AA31: =(SUM(E31,F31)/(L31+0.1))/100 -> 0.048091603 | AB31: =(SUM(E31,F31)/(M31+0.1))/100 -> 0.0016149705 | AC31: =(SUM(E31,F31)/(N31+0.1))/100 -> 6.3 | AD31: =(SUM(E31,F31)/(O31+0.1))/100 -> 0.0038745387
A32: =A31+1 -> 31 | B32: Atracción Turística | C32: Reja del Diablo | D32: Intruso | E32: 64 | F32: 1 | G32: 4.5 | H32: 0 | I32: =((G32*E32)+(H32*F32))/SUM(E32,F32) -> 4.4307692 | J32: =IF(K32>0,1,0) -> 0 | K32: 0 | L32: 0 | M32: 272 | N32: 50 | O32: =(L32*0.5)+(M32*0.4)+(N32*0.1) -> 113.8 | P32: 363 | Q32: =ABS(G32-H32) -> 4.5 | R32: =ABS(H32-I32) -> 4.4307692 | S32: =ABS(H32-I32) -> 4.4307692 | T32: =SUM(E32,F32)/P32 -> 0.17906336 | U32: =LOG10(E32+F32)*I32 -> 8.0326007 | V32: =(L32/P32)*100 -> 0 | W32: =(M32/P32)*100 -> 74.931129 | X32: =(N32/P32)*100 -> 13.774105 | Y32: =(O32/P32)*100 -> 31.349862 | Z32: =E32/F32 -> 64 | AA32: =(SUM(E32,F32)/(L32+0.1))/100 -> 6.5 | AB32: =(SUM(E32,F32)/(M32+0.1))/100 -> 0.0023888276 | AC32: =(SUM(E32,F32)/(N32+0.1))/100 -> 0.012974052 | AD32: =(SUM(E32,F32)/(O32+0.1))/100 -> 0.0057067603
A33: =A32+1 -> 32 | B33: Atracción Turística | C33: Monte Gurugú | D33: Intruso | E33: 388 | F33: 1 | G33: 4.4 | H33: 5 | I33: =((G33*E33)+(H33*F33))/SUM(E33,F33) -> 4.4015424 | J33: =IF(K33>0,1,0) -> 1 | K33: 355 | L33: 0 | M33: 183 | N33: 133 | O33: =(L33*0.5)+(M33*0.4)+(N33*0.1) -> 86.5 | P33: 1520 | Q33: =ABS(G33-H33) -> 0.6 | R33: =ABS(H33-I33) -> 0.59845758 | S33: =ABS(H33-I33) -> 0.59845758 | T33: =SUM(E33,F33)/P33 -> 0.25592105 | U33: =LOG10(E33+F33)*I33 -> 11.399773 | V33: =(L33/P33)*100 -> 0 | W33: =(M33/P33)*100 -> 12.039474 | X33: =(N33/P33)*100 -> 8.75 | Y33: =(O33/P33)*100 -> 5.6907895 | Z33: =E33/F33 -> 388 | AA33: =(SUM(E33,F33)/(L33+0.1))/100 -> 38.9 | AB33: =(SUM(E33,F33)/(M33+0.1))/100 -> 0.021245221 | AC33: =(SUM(E33,F33)/(N33+0.1))/100 -> 0.029226146 | AD33: =(SUM(E33,F33)/(O33+0.1))/100 -> 0.044919169
A34: =A33+1 -> 33 | B34: Atracción Turística | C34: Arco de la Macarena | D34: Intruso | E34: 4300 | F34: 42 | G34: 4.5 | H34: 3.8 | I34: =((G34*E34)+(H34*F34))/SUM(E34,F34) -> 4.4932289 | J34: =IF(K34>0,1,0) -> 1 | K34: 107 | L34: 33 | M34: 163 | N34: 150 | O34: =(L34*0.5)+(M34*0.4)+(N34*0.1) -> 96.7 | P34: 1870 | Q34: =ABS(G34-H34) -> 0.7 | R34: =ABS(H34-I34) -> 0.69322893 | S34: =ABS(H34-I34) -> 0.69322893 | T34: =SUM(E34,F34)/P34 -> 2.3219251 | U34: =LOG10(E34+F34)*I34 -> 16.344973 | V34: =(L34/P34)*100 -> 1.7647059 | W34: =(M34/P34)*100 -> 8.7165775 | X34: =(N34/P34)*100 -> 8.0213904 | Y34: =(O34/P34)*100 -> 5.171123 | Z34: =E34/F34 -> 102.38095 | AA34: =(SUM(E34,F34)/(L34+0.1))/100 -> 1.3117825 | AB34: =(SUM(E34,F34)/(M34+0.1))/100 -> 0.26621704 | AC34: =(SUM(E34,F34)/(N34+0.1))/100 -> 0.28927382 | AD34: =(SUM(E34,F34)/(O34+0.1))/100 -> 0.44855372
A35: =A34+1 -> 34 | B35: Atracción Turística | C35: Mural "De Viaje" de Cn6 | D35: Intruso | E35: 1 | F35: 1 | G35: 1 | H35: 0 | I35: =((G35*E35)+(H35*F35))/SUM(E35,F35) -> 0.5 | J35: =IF(K35>0,1,0) -> 0 | K35: 0 | L35: 0 | M35: 140 | N35: 0 | O35: =(L35*0.5)+(M35*0.4)+(N35*0.1) -> 56 | P35: 1140 | Q35: =ABS(G35-H35) -> 1 | R35: =ABS(H35-I35) -> 0.5 | S35: =ABS(H35-I35) -> 0.5 | T35: =SUM(E35,F35)/P35 -> 0.001754386 | U35: =LOG10(E35+F35)*I35 -> 0.150515 | V35: =(L35/P35)*100 -> 0 | W35: =(M35/P35)*100 -> 12.280702 | X35: =(N35/P35)*100 -> 0 | Y35: =(O35/P35)*100 -> 4.9122807 | Z35: =E35/F35 -> 1 | AA35: =(SUM(E35,F35)/(L35+0.1))/100 -> 0.2 | AB35: =(SUM(E35,F35)/(M35+0.1))/100 -> 0.00014275517 | AC35: =(SUM(E35,F35)/(N35+0.1))/100 -> 0.2 | AD35: =(SUM(E35,F35)/(O35+0.1))/100 -> 0.00035650624
A36: =A35+1 -> 35 | B36: Atracción Turística | C36: Mural "De Viaje" de Kato | D36: Intruso | E36: 0 | F36: 1 | G36: 0 | H36: 0 | I36: 0 | J36: =IF(K36>0,1,0) -> 0 | K36: 0 | L36: 0 | M36: 112 | N36: 25 | O36: =(L36*0.5)+(M36*0.4)+(N36*0.1) -> 47.3 | P36: 1560 | Q36: =ABS(G36-H36) -> 0 | R36: =ABS(H36-I36) -> 0 | S36: =ABS(H36-I36) -> 0 | T36: =SUM(E36,F36)/P36 -> 0.00064102564 | U36: 0 | V36: =(L36/P36)*100 -> 0 | W36: =(M36/P36)*100 -> 7.1794872 | X36: =(N36/P36)*100 -> 1.6025641 | Y36: =(O36/P36)*100 -> 3.0320513 | Z36: =E36/F36 -> 0 | AA36: =(SUM(E36,F36)/(L36+0.1))/100 -> 0.1 | AB36: =(SUM(E36,F36)/(M36+0.1))/100 -> 8.9206066e-05 | AC36: =(SUM(E36,F36)/(N36+0.1))/100 -> 0.00039840637 | AD36: =(SUM(E36,F36)/(O36+0.1))/100 -> 0.00021097046

Sheet h1
A1: id | B1: categoria | C1: recurso | D1: origen | E1: v1a | F1: v1b | G1: v2a | H1: v2b | I1: v2p | J1: v3con | K1: v3 | L1: v4a | M1: v4b | N1: v4c | O1: v4p | P1: v5 | Q1: v6a | R1: v6b | S1: v6c | T1: v7 | U1: v8 | V1: v9a | W1: v9b | X1: v9c | Y1: v9p | Z1: v10 | AA1: v11a | AB1: v11b | AC1: v11c | AD1: v11p
A2: ='Atracciones Turísticas Completo'!A2 -> 1 | B2: ='Atracciones Turísticas Completo'!B2 -> Atracción Turística | C2: ='Atracciones Turísticas Completo'!C2 -> Plaza de España | D2: ='Atracciones Turísticas Completo'!D2 -> TripAdvisor | E2: ='Atracciones Turísticas Completo'!E2 -> 181284 | F2: ='Atracciones Turísticas Completo'!F2 -> 45480 | G2: ='Atracciones Turísticas Completo'!G2 -> 4.8 | H2: ='Atracciones Turísticas Completo'!H2 -> 4.8 | ... AD2: ='Atracciones Turísticas Completo'!AD2 -> 22676.4
A3: ='Atracciones Turísticas Completo'!A3 -> 2 | B3: ='Atracciones Turísticas Completo'!B3 -> Atracción Turística | C3: ='Atracciones Turísticas Completo'!C3 -> Real Alcázar de Sevilla | D3: ='Atracciones Turísticas Completo'!D3 -> TripAdvisor | E3: ='Atracciones Turísticas Completo'!E3 -> 98150 | F3: ='Atracciones Turísticas Completo'!F3 -> 36806 | G3: ='Atracciones Turísticas Completo'!G3 -> 4.7 | H3: ='Atracciones Turísticas Completo'!H3 -> 4.7 | ... AD3: ='Atracciones Turísticas Completo'!AD3 -> 13495.6
A4: ='Atracciones Turísticas Completo'!A4 -> 3 | B4: ='Atracciones Turísticas Completo'!B4 -> Atracción Turística | C4: ='Atracciones Turísticas Completo'!C4 -> Catedral de Sevilla | D4: ='Atracciones Turísticas Completo'!D4 -> TripAdvisor | E4: ='Atracciones Turísticas Completo'!E4 -> 57330 | F4: ='Atracciones Turísticas Completo'!F4 -> 27294 | G4: ='Atracciones Turísticas Completo'!G4 -> 4.8 | H4: ='Atracciones Turísticas Completo'!H4 -> 4.6 | ... AD4: ='Atracciones Turísticas Completo'!AD4 -> 8462.4
A5: ='Atracciones Turísticas Completo'!A5 -> 4 | B5: ='Atracciones Turísticas Completo'!B5 -> Atracción Turística | C5: ='Atracciones Turísticas Completo'!C5 -> Setas de Sevilla | D5: ='Atracciones Turísticas Completo'!D5 -> TripAdvisor | E5: ='Atracciones Turísticas Completo'!E5 -> 105610 | F5: ='Atracciones Turísticas Completo'!F5 -> 11354 | G5: ='Atracciones Turísticas Completo'!G5 -> 4.4 | H5: ='Atracciones Turísticas Completo'!H5 -> 4 | ... AD5: ='Atracciones Turísticas Completo'!AD5 -> 15.574434
A6: ='Atracciones Turísticas Completo'!A6 -> 5 | B6: ='Atracciones Turísticas Completo'!B6 -> Atracción Turística | C6: ='Atracciones Turísticas Completo'!C6 -> Parque de María Luisa | D6: ='Atracciones Turísticas Completo'!D6 -> TripAdvisor | E6: ='Atracciones Turísticas Completo'!E6 -> 41265 | F6: ='Atracciones Turísticas Completo'!F6 -> 7162 | G6: ='Atracciones Turísticas Completo'!G6 -> 4.8 | H6: ='Atracciones Turísticas Completo'!H6 -> 4.5 | ... AD6: ='Atracciones Turísticas Completo'!AD6 -> 0.64560725
A7: ='Atracciones Turísticas Completo'!A7 -> 6 | B7: ='Atracciones Turísticas Completo'!B7 -> Atracción Turística | C7: ='Atracciones Turísticas Completo'!C7 -> La Giralda (Punto 0) | D7: ='Atracciones Turísticas Completo'!D7 -> TripAdvisor | E7: ='Atracciones Turísticas Completo'!E7 -> 55912 | F7: ='Atracciones Turísticas Completo'!F7 -> 11034 | G7: ='Atracciones Turísticas Completo'!G7 -> 4.7 | H7: ='Atracciones Turísticas Completo'!H7 -> 4.6 | ... AD7: ='Atracciones Turísticas Completo'!AD7 -> 0.97974535
A8: ='Atracciones Turísticas Completo'!A8 -> 7 | B8: ='Atracciones Turísticas Completo'!B8 -> Atracción Turística | C8: ='Atracciones Turísticas Completo'!C8 -> Casa de Pilatos | D8: ='Atracciones Turísticas Completo'!D8 -> TripAdvisor | E8: ='Atracciones Turísticas Completo'!E8 -> 13802 | F8: ='Atracciones Turísticas Completo'!F8 -> 3929 | G8: ='Atracciones Turísticas Completo'!G8 -> 4.4 | H8: ='Atracciones Turísticas Completo'!H8 -> 4.3 | ... AD8: ='Atracciones Turísticas Completo'!AD8 -> 1773.1
A9: ='Atracciones Turísticas Completo'!A9 -> 8 | B9: ='Atracciones Turísticas Completo'!B9 -> Atracción Turística | C9: ='Atracciones Turísticas Completo'!C9 -> Mercado de Triana | D9: ='Atracciones Turísticas Completo'!D9 -> TripAdvisor | E9: ='Atracciones Turísticas Completo'!E9 -> 10654 | F9: ='Atracciones Turísticas Completo'!F9 -> 1132 | G9: ='Atracciones Turísticas Completo'!G9 -> 4.4 | H9: ='Atracciones Turísticas Completo'!H9 -> 4 | ... AD9: ='Atracciones Turísticas Completo'!AD9 -> 1178.6
A10: ='Atracciones Turísticas Completo'!A10 -> 9 | B10: ='Atracciones Turísticas Completo'!B10 -> Atracción Turística | C10: ='Atracciones Turísticas Completo'!C10 -> Museo de Bellas Artes | D10: ='Atracciones Turísticas Completo'!D10 -> TripAdvisor | E10: ='Atracciones Turísticas Completo'!E10 -> 16014 | F10: ='Atracciones Turísticas Completo'!F10 -> 2218 | G10: ='Atracciones Turísticas Completo'!G10 -> 4.7 | H10: ='Atracciones Turísticas Completo'!H10 -> 4.4 | ... AD10: ='Atracciones Turísticas Completo'!AD10 -> 1823.2
A11: ='Atracciones Turísticas Completo'!A11 -> 10 | B11: ='Atracciones Turísticas Completo'!B11 -> Atracción Turística | C11: ='Atracciones Turísticas Completo'!C11 -> Real Maestranza de Caballería | D11: ='Atracciones Turísticas Completo'!D11 -> TripAdvisor | E11: ='Atracciones Turísticas Completo'!E11 -> 31701 | F11: ='Atracciones Turísticas Completo'!F11 -> 5718 | G11: ='Atracciones Turísticas Completo'!G11 -> 4.4 | H11: ='Atracciones Turísticas Completo'!H11 -> 4.1 | ... AD11: ='Atracciones Turísticas Completo'!AD11 -> 3741.9
A12: ='Atracciones Turísticas Completo'!A12 -> 11 | B12: ='Atracciones Turísticas Completo'!B12 -> Atracción Turística | C12: ='Atracciones Turísticas Completo'!C12 -> Basílica de la Macarena | D12: ='Atracciones Turísticas Completo'!D12 -> TripAdvisor | E12: ='Atracciones Turísticas Completo'!E12 -> 3506 | F12: ='Atracciones Turísticas Completo'!F12 -> 2484 | G12: ='Atracciones Turísticas Completo'!G12 -> 4.8 | H12: ='Atracciones Turísticas Completo'!H12 -> 4.4 | ... AD12: ='Atracciones Turísticas Completo'!AD12 -> 599
A13: ='Atracciones Turísticas Completo'!A13 -> 12 | B13: ='Atracciones Turísticas Completo'!B13 -> Atracción Turística | C13: ='Atracciones Turísticas Completo'!C13 -> Isla Mágica | D13: ='Atracciones Turísticas Completo'!D13 -> TripAdvisor | E13: ='Atracciones Turísticas Completo'!E13 -> 32790 | F13: ='Atracciones Turísticas Completo'!F13 -> 2730 | G13: ='Atracciones Turísticas Completo'!G13 -> 4.1 | H13: ='Atracciones Turísticas Completo'!H13 -> 3.6 | ... AD13: ='Atracciones Turísticas Completo'!AD13 -> 86.634146
... A36: ='Atracciones Turísticas Completo'!A36 -> 35 | B36: ='Atracciones Turísticas Completo'!B36 -> Atracción Turística | C36: ='Atracciones Turísticas Completo'!C36 -> Mural "De Viaje" de Kato | D36: ='Atracciones Turísticas Completo'!D36 -> Intruso | E36: ='Atracciones Turísticas Completo'!E36 -> 0 | F36: ='Atracciones Turísticas Completo'!F36 -> 1 | G36: ='Atracciones Turísticas Completo'!G36 -> 0 | H36: ='Atracciones Turísticas Completo'!H36 -> 0 | ... AD36: ='Atracciones Turísticas Completo'!AD36 -> 0.00021097046

Sheet Restauración 2.1 (TripAdvisor)
A1: ID | B1: Categoría del Recurso | C1: Recurso | D1: Origen | E1: V1​a Masa Crítica - Google (Contraste) (Número de Reseñas) | F1: V1​b Masa Crítica - TripAdvisor (Origen) (Número de Reseñas) | G1: V2a​ Calidad - Google (Contraste) (Puntuación 0-5) | H1: V2b​ Calidad - TripAdvisor (Origen) (Puntuación 0-5) | I1: V2 Ponderada | J1: V3​ Ranking - TripAdvisor | K1: V4a​ Grado de Presencia Algorítmica (web) | L1: V4b Grado de Presencia Algorítmica (maps libre) | M1: V4c​ Grado de Presencia Algorítmica (maps forzado) | N1: V4​ Ponderada | O1: V5 Proximidad al Punto 0 (Metros) | P1: V6a Desviación Calidad (Contraste-Origen) | Q1: V6b Desviación de Calidad (Contraste-Ponderada) | R1: V6c Desviación de Calidad (Origen-Ponderada) | S1: V7 Grado de atención turística digital según ubicación | T1: V8 Grado de capital reputacional digital | U1: V9a Grado de Visibilidad Espacial Algorítmica en web | V1: V9b Grado de Visibilidad Espacial Algorítmica en maps libre | W1: V9c Grado de Visibilidad Espacial Algorítmica en maps forzado | X1: V9 Ponderada | Y1: V10 Grado de Ventaja Algorítmica entre Plataformas | Z1: V11a Grado de Presión Turística Digital según web | AA1: V11b Grado de Presión Turística Digital según maps libre | AB1: V11c Grado de Presión Turística Digital según maps forzado | AC1: V11 Ponderada
A2: ='Atracción 1.3 (Intrusos LP)'!A11+1 -> 36 | B2: Restauración | C2: Alimentari E Diversi | D2: Tripadvisor | E2: 2879 | F2: 3339 | G2: 4.7 | H2: 4.9 | I2: =((G2*E2)+(H2*F2))/SUM(E2,F2) -> 4.8073979 | J2: 1 | K2: 0 | L2: 50 | M2: 33 | N2: =(K2*0.5)+(L2*0.4)+(M2*0.1) -> 23.3 | O2: 837 | P2: =ABS(G2-H2) -> 0.2 | Q2: =ABS(H2-I2) -> 0.092602123 | R2: =ABS(H2-I2) -> 0.092602123 | S2: =SUM(E2,F2)/O2 -> 7.4289128 | T2: =LOG10(E2+F2)*I2 -> 18.237588 | U2: =(K2/O2)*100 -> 0 | V2: =(L2/O2)*100 -> 5.9737157 | W2: =(M2/O2)*100 -> 3.9426523 | X2: =(N2/O2)*100 -> 2.7837515 | Y2: =E2/F2 -> 0.8622342 | Z2: =(SUM(E2,F2)/(K2+0.1))/100 -> 621.8 | AA2: =(SUM(E2,F2)/(L2+0.1))/100 -> 1.2411178 | AB2: =(SUM(E2,F2)/(M2+0.1))/100 -> 1.8785498 | AC2: =(SUM(E2,F2)/(N2+0.1))/100 -> 2.657265
A3: =A2+1 -> 37 | B3: Restauración | C3: Fatouch | D3: Tripadvisor | E3: 3302 | F3: 2510 | G3: 4.7 | H3: 4.9 | I3: =((G3*E3)+(H3*F3))/SUM(E3,F3) -> 4.786373 | J3: 2 | K3: 0 | L3: 0 | M3: 0 | N3: =(K3*0.5)+(L3*0.4)+(M3*0.1) -> 0 | O3: 1220 | P3: =ABS(G3-H3) -> 0.2 | Q3: =ABS(G3-I3) -> 0.086373021 | R3: =ABS(H3-I3) -> 0.11362698 | S3: =SUM(E3,F3)/O3 -> 4.7639344 | T3: =LOG10(E3+F3)*I3 -> 18.017467 | U3: =(K3/O3)*100 -> 0 | V3: =(L3/O3)*100 -> 0 | W3: =(M3/O3)*100 -> 0 | X3: =(N3/O3)*100 -> 0 | Y3: =E3/F3 -> 1.3155378 | Z3: =(SUM(E3,F3)/(K3+0.1))/100 -> 581.2 | AA3: =(SUM(E3,F3)/(L3+0.1))/100 -> 581.2 | AB3: =(SUM(E3,F3)/(M3+0.1))/100 -> 581.2 | AC3: =(SUM(E3,F3)/(N3+0.1))/100 -> 581.2
A4: =A3+1 -> 38 | B4: Restauración | C4: Bodega Palo Santo | D4: Tripadvisor | E4: 2726 | F4: 2085 | G4: 4.6 | H4: 4.8 | I4: =((G4*E4)+(H4*F4))/SUM(E4,F4) -> 4.6866764 | J4: 3 | K4: 0 | L4: 0 | M4: 0 | N4: =(K4*0.5)+(L4*0.4)+(M4*0.1) -> 0 | O4: 1060 | P4: =ABS(G4-H4) -> 0.2 | Q4: =ABS(G4-I4) -> 0.086676367 | R4: =ABS(H4-I4) -> 0.11332363 | S4: =SUM(E4,F4)/O4 -> 4.5386792 | T4: =LOG10(E4+F4)*I4 -> 17.257445 | U4: =(K4/O4)*100 -> 0 | V4: =(L4/O4)*100 -> 0 | W4: =(M4/O4)*100 -> 0 | X4: =(N4/O4)*100 -> 0 | Y4: =E4/F4 -> 1.3074341 | Z4: =(SUM(E4,F4)/(K4+0.1))/100 -> 481.1 | AA4: =(SUM(E4,F4)/(L4+0.1))/100 -> 481.1 | AB4: =(SUM(E4,F4)/(M4+0.1))/100 -> 481.1 | AC4: =(SUM(E4,F4)/(N4+0.1))/100 -> 481.1
A5: =A4+1 -> 39 | B5: Restauración | C5: Abaceria del Postigo | D5: Tripadvisor | E5: 1593 | F5: 2211 | G5: 4.7 | H5: 4.9 | I5: =((G5*E5)+(H5*F5))/SUM(E5,F5) -> 4.8162461 | J5: 4 | K5: 0 | L5: 0 | M5: 0 | N5: =(K5*0.5)+(L5*0.4)+(M5*0.1) -> 0 | O5: 220 | P5: =ABS(G5-H5) -> 0.2 | Q5: =ABS(G5-I5) -> 0.11624606 | R5: =ABS(H5-I5) -> 0.083753943 | S5: =SUM(E5,F5)/O5 -> 17.290909 | T5: =LOG10(E5+F5)*I5 -> 17.243319 | U5: =(K5/O5)*100 -> 0 | V5: =(L5/O5)*100 -> 0 | W5: =(M5/O5)*100 -> 0 | X5: =(N5/O5)*100 -> 0 | Y5: =E5/F5 -> 0.72048847 | Z5: =(SUM(E5,F5)/(K5+0.1))/100 -> 380.4 | AA5: =(SUM(E5,F5)/(L5+0.1))/100 -> 380.4 | AB5: =(SUM(E5,F5)/(M5+0.1))/100 -> 380.4 | AC5: =(SUM(E5,F5)/(N5+0.1))/100 -> 380.4
A6: =A5+1 -> 40 | B6: Restauración | C6: Restaurante & Tapas El Sella | D6: Tripadvisor | E6: 4975 | F6: 6541 | G6: 4.7 | H6: 4.9 | I6: =((G6*E6)+(H6*F6))/SUM(E6,F6) -> 4.8135985 | J6: 5 | K6: 0 | L6: 0 | M6: 0 | N6: =(K6*0.5)+(L6*0.4)+(M6*0.1) -> 0 | O6: 908 | P6: =ABS(G6-H6) -> 0.2 | Q6: =ABS(G6-I6) -> 0.11359847 | R6: =ABS(H6-I6) -> 0.086401528 | S6: =SUM(E6,F6)/O6 -> 12.682819 | T6: =LOG10(E6+F6)*I6 -> 19.549475 | U6: =(K6/O6)*100 -> 0 | V6: =(L6/O6)*100 -> 0 | W6: =(M6/O6)*100 -> 0 | X6: =(N6/O6)*100 -> 0 | Y6: =E6/F6 -> 0.76058707 | Z6: =(SUM(E6,F6)/(K6+0.1))/100 -> 1151.6 | AA6: =(SUM(E6,F6)/(L6+0.1))/100 -> 1151.6 | AB6: =(SUM(E6,F6)/(M6+0.1))/100 -> 1151.6 | AC6: =(SUM(E6,F6)/(N6+0.1))/100 -> 1151.6
A7: =A6+1 -> 41 | B7: Restauración | C7: Gascona | D7: Tripadvisor | E7: 2753 | F7: 4410 | G7: 4.8 | H7: 4.9 | I7: =((G7*E7)+(H7*F7))/SUM(E7,F7) -> 4.8615664 | J7: 6 | K7: 13 | L7: 0 | M7: 0 | N7: =(K7*0.5)+(L7*0.4)+(M7*0.1) -> 6.5 | O7: 1080 | P7: =ABS(G7-H7) -> 0.1 | Q7: =ABS(G7-I7) -> 0.061566383 | R7: =ABS(H7-I7) -> 0.038433617 | S7: =SUM(E7,F7)/O7 -> 6.6324074 | T7: =LOG10(E7+F7)*I7 -> 18.7418 | U7: =(K7/O7)*100 -> 1.2037037 | V7: =(L7/O7)*100 -> 0 | W7: =(M7/O7)*100 -> 0 | X7: =(N7/O7)*100 -> 0.60185185 | Y7: =E7/F7 -> 0.62426304 | Z7: =(SUM(E7,F7)/(K7+0.1))/100 -> 5.4679389 | AA7: =(SUM(E7,F7)/(L7+0.1))/100 -> 716.3 | AB7: =(SUM(E7,F7)/(M7+0.1))/100 -> 716.3 | AC7: =(SUM(E7,F7)/(N7+0.1))/100 -> 10.85303
A8: =A7+1 -> 42 | B8: Restauración | C8: Sibuya Urban Sushi Bar Sevilla (Calle Albareda) | D8: Tripadvisor | E8: 4594 | F8: 7390 | G8: 4.5 | H8: 4.9 | I8: =((G8*E8)+(H8*F8))/SUM(E8,F8) -> 4.7466622 | J8: 7 | K8: 0 | L8: 0 | M8: 0 | N8: =(K8*0.5)+(L8*0.4)+(M8*0.1) -> 0 | O8: 446 | P8: =ABS(G8-H8) -> 0.4 | Q8: =ABS(G8-I8) -> 0.24666222 | R8: =ABS(H8-I8) -> 0.15333778 | S8: =SUM(E8,F8)/O8 -> 26.869955 | T8: =LOG10(E8+F8)*I8 -> 19.359745 | U8: =(K8/O8)*100 -> 0 | V8: =(L8/O8)*100 -> 0 | W8: =(M8/O8)*100 -> 0 | X8: =(N8/O8)*100 -> 0 | Y8: =E8/F8 -> 0.62165088 | Z8: =(SUM(E8,F8)/(K8+0.1))/100 -> 1198.4 | AA8: =(SUM(E8,F8)/(L8+0.1))/100 -> 1198.4 | AB8: =(SUM(E8,F8)/(M8+0.1))/100 -> 1198.4 | AC8: =(SUM(E8,F8)/(N8+0.1))/100 -> 1198.4
A9: =A8+1 -> 43 | B9: Restauración | C9: Brunchit (Calle Santa Patronas) | D9: Tripadvisor | E9: 3265 | F9: 643 | G9: 4.9 | H9: 4.9 | I9: =((G9*E9)+(H9*F9))/SUM(E9,F9) -> 4.9 | J9: 8 | K9: 0 | L9: 0 | M9: 0 | N9: =(K9*0.5)+(L9*0.4)+(M9*0.1) -> 0 | O9: 679 | P9: =ABS(G9-H9) -> 0 | Q9: =ABS(G9-I9) -> 0 | R9: =ABS(H9-I9) -> 0 | S9: =SUM(E9,F9)/O9 -> 5.7555228 | T9: =LOG10(E9+F9)*I9 -> 17.600577 | U9: =(K9/O9)*100 -> 0 | V9: =(L9/O9)*100 -> 0 | W9: =(M9/O9)*100 -> 0 | X9: =(N9/O9)*100 -> 0 | Y9: =E9/F9 -> 5.0777605 | Z9: =(SUM(E9,F9)/(K9+0.1))/100 -> 390.8 | AA9: =(SUM(E9,F9)/(L9+0.1))/100 -> 390.8 | AB9: =(SUM(E9,F9)/(M9+0.1))/100 -> 390.8 | AC9: =(SUM(E9,F9)/(N9+0.1))/100 -> 390.8
A10: =A9+1 -> 44 | B10: Restauración | C10: MareaViva | D10: Tripadvisor | E10: 2291 | F10: 3715 | G10: 4.4 | H10: 4.9 | I10: =((G10*E10)+(H10*F10))/SUM(E10,F10) -> 4.7092741 | J10: 9 | K10: 50 | L10: 50 | M10: 50 | N10: =(K10*0.5)+(L10*0.4)+(M10*0.1) -> 50 | O10: 1840 | P10: =ABS(G10-H10) -> 0.5 | Q10: =ABS(G10-I10) -> 0.30927406 | R10: =ABS(H10-I10) -> 0.19072594 | S10: =SUM(E10,F10)/O10 -> 3.2641304 | T10: =LOG10(E10+F10)*I10 -> 17.794394 | U10: =(K10/O10)*100 -> 2.7173913 | V10: =(L10/O10)*100 -> 2.7173913 | W10: =(M10/O10)*100 -> 2.7173913 | X10: =(N10/O10)*100 -> 2.7173913 | Y10: =E10/F10 -> 0.6166891 | Z10: =(SUM(E10,F10)/(K10+0.1))/100 -> 1.1988024 | AA10: =(SUM(E10,F10)/(L10+0.1))/100 -> 1.1988024 | AB10: =(SUM(E10,F10)/(M10+0.1))/100 -> 1.1988024 | AC10: =(SUM(E10,F10)/(N10+0.1))/100 -> 1.1988024
A11: =A10+1 -> 45 | B11: Restauración | C11: La Comilona | D11: Tripadvisor | E11: 2599 | F11: 2311 | G11: 4.3 | H11: 4.8 | I11: =((G11*E11)+(H11*F11))/SUM(E11,F11) -> 4.535336 | J11: 10 | K11: 100 | L11: 0 | M11: 16 | N11: =(K11*0.5)+(L11*0.4)+(M11*0.1) -> 51.6 | O11: 1870 | P11: =ABS(G11-H11) -> 0.5 | Q11: =ABS(G11-I11) -> 0.23533605 | R11: =ABS(H11-I11) -> 0.26466395 | S11: =SUM(E11,F11)/O11 -> 2.6256684 | T11: =LOG10(E11+F11)*I11 -> 16.740295 | U11: =(K11/O11)*100 -> 5.3475936 | V11: =(L11/O11)*100 -> 0 | W11: =(M11/O11)*100 -> 0.85561497 | X11: =(N11/O11)*100 -> 2.7593583 | Y11: =E11/F11 -> 1.1246214 | Z11: =(SUM(E11,F11)/(K11+0.1))/100 -> 0.49050949 | AA11: =(SUM(E11,F11)/(L11+0.1))/100 -> 491 | AB11: =(SUM(E11,F11)/(M11+0.1))/100 -> 3.0496894 | AC11: =(SUM(E11,F11)/(N11+0.1))/100 -> 0.94970986
A12: =A11+1 -> 46 | B12: Restauración | C12: Beirutina, Breakfast and Lunch | D12: Tripadvisor | E12: 967 | F12: 99 | G12: 4.9 | H12: 4.9 | I12: =((G12*E12)+(H12*F12))/SUM(E12,F12) -> 4.9 | J12: 12 | K12: 0 | L12: 0 | M12: 0 | N12: =(K12*0.5)+(L12*0.4)+(M12*0.1) -> 0 | O12: 773 | P12: =ABS(G12-H12) -> 0 | Q12: =ABS(G12-I12) -> 0 | R12: =ABS(H12-I12) -> 0 | S12: =SUM(E12,F12)/O12 -> 1.3790427 | T12: =LOG10(E12+F12)*I12 -> 14.83601 | U12: =(K12/O12)*100 -> 0 | V12: =(L12/O12)*100 -> 0 | W12: =(M12/O12)*100 -> 0 | X12: =(N12/O12)*100 -> 0 | Y12: =E12/F12 -> 9.7676768 | Z12: =(SUM(E12,F12)/(K12+0.1))/100 -> 106.6 | AA12: =(SUM(E12,F12)/(L12+0.1))/100 -> 106.6 | AB12: =(SUM(E12,F12)/(M12+0.1))/100 -> 106.6 | AC12: =(SUM(E12,F12)/(N12+0.1))/100 -> 106.6
A13: =A12+1 -> 47 | B13: Restauración | C13: Taberna de La Dehesa | D13: Tripadvisor | E13: 437 | F13: 674 | G13: 4 | H13: 4.7 | I13: =((G13*E13)+(H13*F13))/SUM(E13,F13) -> 4.4246625 | J13: 13 | K13: 33 | L13: 0 | M13: 0 | N13: =(K13*0.5)+(L13*0.4)+(M13*0.1) -> 16.5 | O13: 1750 | P13: =ABS(G13-H13) -> 0.7 | Q13: =ABS(G13-I13) -> 0.42466247 | R13: =ABS(H13-I13) -> 0.27533753 | S13: =SUM(E13,F13)/O13 -> 0.63485714 | T13: =LOG10(E13+F13)*I13 -> 13.476257 | U13: =(K13/O13)*100 -> 1.8857143 | V13: =(L13/O13)*100 -> 0 | W13: =(M13/O13)*100 -> 0 | X13: =(N13/O13)*100 -> 0.94285714 | Y13: =E13/F13 -> 0.64836795 | Z13: =(SUM(E13,F13)/(K13+0.1))/100 -> 0.33564955 | AA13: =(SUM(E13,F13)/(L13+0.1))/100 -> 111.1 | AB13: =(SUM(E13,F13)/(M13+0.1))/100 -> 111.1 | AC13: =(SUM(E13,F13)/(N13+0.1))/100 -> 0.66927711
A14: =A13+1 -> 48 | B14: Restauración | C14: Il Ristorantino Dell' Avvocato (Calle Regina) | D14: Tripadvisor | E14: 5845 | F14: 1658 | G14: 4.8 | H14: 4.8 | I14: =((G14*E14)+(H14*F14))/SUM(E14,F14) -> 4.8 | J14: 14 | K14: 50 | L14: 0 | M14: 0 | N14: =(K14*0.5)+(L14*0.4)+(M14*0.1) -> 25 | O14: 910 | P14: =ABS(G14-H14) -> 0 | Q14: =ABS(G14-I14) -> 0 | R14: =ABS(H14-I14) -> 0 | S14: =SUM(E14,F14)/O14 -> 8.2450549 | T14: =LOG10(E14+F14)*I14 -> 18.601128 | U14: =(K14/O14)*100 -> 5.4945055 | V14: =(L14/O14)*100 -> 0 | W14: =(M14/O14)*100 -> 0 | X14: =(N14/O14)*100 -> 2.7472527 | Y14: =E14/F14 -> 3.5253317 | Z14: =(SUM(E14,F14)/(K14+0.1))/100 -> 1.4976048 | AA14: =(SUM(E14,F14)/(L14+0.1))/100 -> 750.3 | AB14: =(SUM(E14,F14)/(M14+0.1))/100 -> 750.3 | AC14: =(SUM(E14,F14)/(N14+0.1))/100 -> 2.989243
... A26: =A25+1 -> 60 | B26: Restauración | C26: Pizzeria Da Simona | D26: Tripadvisor | E26: 975 | F26: 534 | G26: 4.8 | H26: 4.9 | I26: =((G26*E26)+(H26*F26))/SUM(E26,F26) -> 4.8353877 | J26: 28 | K26: 0 | L26: 0 | M26: 0 | N26: =(K26*0.5)+(L26*0.4)+(M26*0.1) -> 0 | O26: 974 | P26: =ABS(G26-H26) -> 0.1 | Q26: =ABS(G26-I26) -> 0.035387674 | R26: =ABS(H26-I26) -> 0.064612326 | S26: =SUM(E26,F26)/O26 -> 1.5492813 | T26: =LOG10(E26+F26)*I26 -> 15.370195 | U26: =(K26/O26)*100 -> 0 | V26: =(L26/O26)*100 -> 0 | W26: =(M26/O26)*100 -> 0 | X26: =(N26/O26)*100 -> 0 | Y26: =E26/F26 -> 1.8258427 | Z26: =(SUM(E26,F26)/(K26+0.1))/100 -> 150.9 | AA26: =(SUM(E26,F26)/(L26+0.1))/100 -> 150.9 | AB26: =(SUM(E26,F26)/(M26+0.1))/100 -> 150.9 | AC26: =(SUM(E26,F26)/(N26+0.1))/100 -> 150.9
B28: INFO

Sheet Restauración 2.2 (Publicidad)
A1: ID | B1: Categoría del Recurso | C1: Recurso | D1: Origen | E1: V1​a Masa Crítica - Google (Contraste) (Número de Reseñas) | F1: V1​b Masa Crítica - TripAdvisor (Origen) (Número de Reseñas) | G1: V2a​ Calidad - Google (Contraste) (Puntuación 0-5) | H1: V2b​ Calidad - TripAdvisor (Origen) (Puntuación 0-5) | I1: V2 Ponderada | J1: V3​ Ranking - TripAdvisor | K1: V4a​ Grado de Presencia Algorítmica (web) | L1: V4b Grado de Presencia Algorítmica (maps libre) | M1: V4c​ Grado de Presencia Algorítmica (maps forzado) | N1: V4​ Ponderada | O1: V5 Proximidad al Punto 0 (Metros) | P1: V6a Desviación Calidad (Contraste-Origen) | Q1: V6b Desviación de Calidad (Contraste-Ponderada) | R1: V6c Desviación de Calidad (Origen-Ponderada) | S1: V7 Grado de atención turística digital según ubicación | T1: V8 Grado de capital reputacional digital | U1: V9a Grado de Visibilidad Espacial Algorítmica en web | V1: V9b Grado de Visibilidad Espacial Algorítmica en maps libre | W1: V9c Grado de Visibilidad Espacial Algorítmica en maps forzado | X1: V9 Ponderada | Y1: V10 Grado de Ventaja Algorítmica entre Plataformas | Z1: V11a Grado de Presión Turística Digital según web | AA1: V11b Grado de Presión Turística Digital según maps libre | AB1: V11c Grado de Presión Turística Digital según maps forzado | AC1: V11 Ponderada
A2: ='Restauración 2.1 (TripAdvisor)'!A26+1 -> 61 | B2: Restauración | C2: Nudo | D2: Publicidad | E2: 383 | F2: 90 | G2: 4.6 | H2: 4.5 | I2: =((G2*E2)+(H2*F2))/SUM(E2,F2) -> 4.5809725 | J2: 261 | K2: 0 | L2: 0 | M2: 0 | N2: =(K2*0.5)+(L2*0.4)+(M2*0.1) -> 0 | O2: 671 | P2: =ABS(G2-H2) -> 0.1 | Q2: =ABS(G2-I2) -> 0.019027484 | R2: =ABS(H2-I2) -> 0.080972516 | S2: =SUM(E2,F2)/O2 -> 0.70491803 | T2: =LOG10(E2+F2)*I2 -> 12.253465 | U2: =(K2/O2)*100 -> 0 | V2: =(L2/O2)*100 -> 0 | W2: =(M2/O2)*100 -> 0 | X2: =(N2/O2)*100 -> 0 | Y2: =E2/F2 -> 4.2555556 | Z2: =(SUM(E2,F2)/(K2+0.1))/100 -> 47.3 | AA2: =(SUM(E2,F2)/(L2+0.1))/100 -> 47.3 | AB2: =(SUM(E2,F2)/(M2+0.1))/100 -> 47.3 | AC2: =(SUM(E2,F2)/(N2+0.1))/100 -> 47.3
A3: =A2+1 -> 62 | B3: Restauración | C3: Terraviva | D3: Publicidad | E3: 1222 | F3: 174 | G3: 4.2 | H3: 4 | I3: =((G3*E3)+(H3*F3))/SUM(E3,F3) -> 4.1750716 | J3: 478 | K3: 0 | L3: 0 | M3: 0 | N3: =(K3*0.5)+(L3*0.4)+(M3*0.1) -> 0 | O3: 426 | P3: =ABS(G3-H3) -> 0.2 | Q3: =ABS(G3-I3) -> 0.024928367 | R3: =ABS(H3-I3) -> 0.17507163 | S3: =SUM(E3,F3)/O3 -> 3.2769953 | T3: =LOG10(E3+F3)*I3 -> 13.130122 | U3: =(K3/O3)*100 -> 0 | V3: =(L3/O3)*100 -> 0 | W3: =(M3/O3)*100 -> 0 | X3: =(N3/O3)*100 -> 0 | Y3: =E3/F3 -> 7.0229885 | Z3: =(SUM(E3,F3)/(K3+0.1))/100 -> 139.6 | AA3: =(SUM(E3,F3)/(L3+0.1))/100 -> 139.6 | AB3: =(SUM(E3,F3)/(M3+0.1))/100 -> 139.6 | AC3: =(SUM(E3,F3)/(N3+0.1))/100 -> 139.6
A4: =A3+1 -> 63 | B4: Restauración | C4: Seis Tapas Bar | D4: Publicidad | E4: 4217 | F4: 769 | G4: 4.2 | H4: 3.6 | I4: =((G4*E4)+(H4*F4))/SUM(E4,F4) -> 4.1074609 | J4: 437 | K4: 0 | L4: 0 | M4: 0 | N4: =(K4*0.5)+(L4*0.4)+(M4*0.1) -> 0 | O4: 397 | P4: =ABS(G4-H4) -> 0.6 | Q4: =ABS(G4-I4) -> 0.09253911 | R4: =ABS(H4-I4) -> 0.50746089 | S4: =SUM(E4,F4)/O4 -> 12.559194 | T4: =LOG10(E4+F4)*I4 -> 15.188373 | U4: =(K4/O4)*100 -> 0 | V4: =(L4/O4)*100 -> 0 | W4: =(M4/O4)*100 -> 0 | X4: =(N4/O4)*100 -> 0 | Y4: =E4/F4 -> 5.4837451 | Z4: =(SUM(E4,F4)/(K4+0.1))/100 -> 498.6 | AA4: =(SUM(E4,F4)/(L4+0.1))/100 -> 498.6 | AB4: =(SUM(E4,F4)/(M4+0.1))/100 -> 498.6 | AC4: =(SUM(E4,F4)/(N4+0.1))/100 -> 498.6
A5: =A4+1 -> 64 | B5: Restauración | C5: Restaurante Selva Negra Tapas | D5: Publicidad | E5: 846 | F5: 19 | G5: 4.5 | H5: 4.3 | I5: =((G5*E5)+(H5*F5))/SUM(E5,F5) -> 4.4956069 | J5: - | K5: 0 | L5: 0 | M5: 0 | N5: =(K5*0.5)+(L5*0.4)+(M5*0.1) -> 0 | O5: 4760 | P5: =ABS(G5-H5) -> 0.2 | Q5: =ABS(G5-I5) -> 0.0043930636 | R5: =ABS(H5-I5) -> 0.19560694 | S5: =SUM(E5,F5)/O5 -> 0.18172269 | T5: =LOG10(E5+F5)*I5 -> 13.20367 | U5: =(K5/O5)*100 -> 0 | V5: =(L5/O5)*100 -> 0 | W5: =(M5/O5)*100 -> 0 | X5: =(N5/O5)*100 -> 0 | Y5: =E5/F5 -> 44.526316 | Z5: =(SUM(E5,F5)/(K5+0.1))/100 -> 86.5 | AA5: =(SUM(E5,F5)/(L5+0.1))/100 -> 86.5 | AB5: =(SUM(E5,F5)/(M5+0.1))/100 -> 86.5 | AC5: =(SUM(E5,F5)/(N5+0.1))/100 -> 86.5
A6: =A5+1 -> 65 | B6: Restauración | C6: La Bernarda | D6: Publicidad | E6: 8332 | F6: 1161 | G6: 4.4 | H6: 3.8 | I6: =((G6*E6)+(H6*F6))/SUM(E6,F6) -> 4.3266196 | J6: 304 | K6: 0 | L6: 0 | M6: 0 | N6: =(K6*0.5)+(L6*0.4)+(M6*0.1) -> 0 | O6: 760 | P6: =ABS(G6-H6) -> 0.6 | Q6: =ABS(G6-I6) -> 0.073380386 | R6: =ABS(H6-I6) -> 0.52661961 | S6: =SUM(E6,F6)/O6 -> 12.490789 | T6: =LOG10(E6+F6)*I6 -> 17.208712 | U6: =(K6/O6)*100 -> 0 | V6: =(L6/O6)*100 -> 0 | W6: =(M6/O6)*100 -> 0 | X6: =(N6/O6)*100 -> 0 | Y6: =E6/F6 -> 7.1765719 | Z6: =(SUM(E6,F6)/(K6+0.1))/100 -> 949.3 | AA6: =(SUM(E6,F6)/(L6+0.1))/100 -> 949.3 | AB6: =(SUM(E6,F6)/(M6+0.1))/100 -> 949.3 | AC6: =(SUM(E6,F6)/(N6+0.1))/100 -> 949.3
A7: =A6+1 -> 66 | B7: Restauración | C7: Lobo buhaira restaurante | D7: Publicidad | E7: 253 | F7: 1 | G7: 4.7 | H7: 0 | I7: =((G7*E7)+(H7*F7))/SUM(E7,F7) -> 4.6814961 | J7: - | K7: 0 | L7: 0 | M7: 0 | N7: =(K7*0.5)+(L7*0.4)+(M7*0.1) -> 0 | O7: 1310 | P7: =ABS(G7-H7) -> 4.7 | Q7: =ABS(G7-I7) -> 0.018503937 | R7: =ABS(H7-I7) -> 4.6814961 | S7: =SUM(E7,F7)/O7 -> 0.19389313 | T7: =LOG10(E7+F7)*I7 -> 11.25822 | U7: =(K7/O7)*100 -> 0 | V7: =(L7/O7)*100 -> 0 | W7: =(M7/O7)*100 -> 0 | X7: =(N7/O7)*100 -> 0 | Y7: =E7/F7 -> 253 | Z7: =(SUM(E7,F7)/(K7+0.1))/100 -> 25.4 | AA7: =(SUM(E7,F7)/(L7+0.1))/100 -> 25.4 | AB7: =(SUM(E7,F7)/(M7+0.1))/100 -> 25.4 | AC7: =(SUM(E7,F7)/(N7+0.1))/100 -> 25.4
A8: =A7+1 -> 67 | B8: Restauración | C8: Morancho Brasería | D8: Publicidad | E8: 3799 | F8: 1 | G8: 4.7 | H8: 0 | I8: =((G8*E8)+(H8*F8))/SUM(E8,F8) -> 4.6987632 | J8: - | K8: 0 | L8: 0 | M8: 0 | N8: =(K8*0.5)+(L8*0.4)+(M8*0.1) -> 0 | O8: 6260 | P8: =ABS(G8-H8) -> 4.7 | Q8: =ABS(G8-I8) -> 0.0012368421 | R8: =ABS(H8-I8) -> 4.6987632 | S8: =SUM(E8,F8)/O8 -> 0.60702875 | T8: =LOG10(E8+F8)*I8 -> 16.820555 | U8: =(K8/O8)*100 -> 0 | V8: =(L8/O8)*100 -> 0 | W8: =(M8/O8)*100 -> 0 | X8: =(N8/O8)*100 -> 0 | Y8: =E8/F8 -> 3799 | Z8: =(SUM(E8,F8)/(K8+0.1))/100 -> 380 | AA8: =(SUM(E8,F8)/(L8+0.1))/100 -> 380 | AB8: =(SUM(E8,F8)/(M8+0.1))/100 -> 380 | AC8: =(SUM(E8,F8)/(N8+0.1))/100 -> 380
B9: INFO

Sheet Restauración Completo
A1: ID | B1: Categoría del Recurso | C1: Recurso | D1: Origen | E1: V1​a Masa Crítica - Google (Contraste) (Número de Reseñas) | F1: V1​b Masa Crítica - TripAdvisor (Origen) (Número de Reseñas) | G1: V2a​ Calidad - Google (Contraste) (Puntuación 0-5) | H1: V2b​ Calidad - TripAdvisor (Origen) (Puntuación 0-5) | I1: V2 Ponderada | J1: V3 In Ta | K1: V3​ Ranking - TripAdvisor | L1: V4a​ Grado de Presencia Algorítmica (web) | M1: V4b Grado de Presencia Algorítmica (maps libre) | N1: V4c​ Grado de Presencia Algorítmica (maps forzado) | O1: V4 Ponderada | P1: V5 Proximidad al Punto 0 (Metros) | Q1: V6a Desviación Calidad (Contraste-Origen) | R1: V6b Desviación de Calidad (Contraste-Ponderada) | S1: V6c Desviación de Calidad (Origen-Ponderada) | T1: V7 Grado de atención turística digital según ubicación | U1: V8 Grado de capital reputacional digital | V1: V9a Grado de Visibilidad Espacial Algorítmica en web | W1: V9b Grado de Visibilidad Espacial Algorítmica en maps libre | X1: V9c Grado de Visibilidad Espacial Algorítmica en maps forzado | Y1: V9 Ponderada | Z1: V10 Grado de Ventaja Algorítmica entre Plataformas | AA1: V11a Grado de Presión Turística Digital según web | AB1: V11b Grado de Presión Turística Digital según maps libre | AC1: V11c Grado de Presión Turística Digital según maps forzado | AD1: V11 Ponderada
A2: ='Atracción 1.3 (Intrusos LP)'!A11+1 -> 36 | B2: Restauración | C2: Alimentari E Diversi | D2: Tripadvisor | E2: 2879 | F2: 3339 | G2: 4.7 | H2: 4.9 | I2: =((G2*E2)+(H2*F2))/SUM(E2,F2) -> 4.8073979 | J2: 1 | K2: 1 | L2: 0 | M2: 50 | N2: 33 | O2: =(L2*0.5)+(M2*0.4)+(N2*0.1) -> 23.3 | P2: 837 | Q2: =ABS(G2-H2) -> 0.2 | R2: =ABS(H2-I2) -> 0.092602123 | S2: =ABS(H2-I2) -> 0.092602123 | T2: =SUM(E2,F2)/P2 -> 7.4289128 | U2: =LOG10(E2+F2)*I2 -> 18.237588 | V2: =(L2/P2)*100 -> 0 | W2: =(M2/P2)*100 -> 5.9737157 | X2: =(N2/P2)*100 -> 3.9426523 | Y2: =(O2/P2)*100 -> 2.7837515 | Z2: =E2/F2 -> 0.8622342 | AA2: =(SUM(E2,F2)/(L2+0.1))/100 -> 621.8 | AB2: =(SUM(E2,F2)/(M2+0.1))/100 -> 1.2411178 | AC2: =(SUM(E2,F2)/(N2+0.1))/100 -> 1.8785498 | AD2: =(SUM(E2,F2)/(O2+0.1))/100 -> 2.657265
A3: =A2+1 -> 37 | B3: Restauración | C3: Fatouch | D3: Tripadvisor | E3: 3302 | F3: 2510 | G3: 4.7 | H3: 4.9 | I3: =((G3*E3)+(H3*F3))/SUM(E3,F3) -> 4.786373 | J3: 1 | K3: 2 | L3: 0 | M3: 0 | N3: 0 | O3: =(L3*0.5)+(M3*0.4)+(N3*0.1) -> 0 | P3: 1220 | Q3: =ABS(G3-H3) -> 0.2 | R3: =ABS(G3-I3) -> 0.086373021 | S3: =ABS(H3-I3) -> 0.11362698 | T3: =SUM(E3,F3)/P3 -> 4.7639344 | U3: =LOG10(E3+F3)*I3 -> 18.017467 | V3: =(L3/P3)*100 -> 0 | W3: =(M3/P3)*100 -> 0 | X3: =(N3/P3)*100 -> 0 | Y3: =(O3/P3)*100 -> 0 | Z3: =E3/F3 -> 1.3155378 | AA3: =(SUM(E3,F3)/(L3+0.1))/100 -> 581.2 | AB3: =(SUM(E3,F3)/(M3+0.1))/100 -> 581.2 | AC3: =(SUM(E3,F3)/(N3+0.1))/100 -> 581.2 | AD3: =(SUM(E3,F3)/(O3+0.1))/100 -> 581.2
A4: =A3+1 -> 38 | B4: Restauración | C4: Bodega Palo Santo | D4: Tripadvisor | E4: 2726 | F4: 2085 | G4: 4.6 | H4: 4.8 | I4: =((G4*E4)+(H4*F4))/SUM(E4,F4) -> 4.6866764 | J4: 1 | K4: 3 | L4: 0 | M4: 0 | N4: 0 | O4: =(L4*0.5)+(M4*0.4)+(N4*0.1) -> 0 | P4: 1060 | Q4: =ABS(G4-H4) -> 0.2 | R4: =ABS(G4-I4) -> 0.086676367 | S4: =ABS(H4-I4) -> 0.11332363 | T4: =SUM(E4,F4)/P4 -> 4.5386792 | U4: =LOG10(E4+F4)*I4 -> 17.257445 | V4: =(L4/P4)*100 -> 0 | W4: =(M4/P4)*100 -> 0 | X4: =(N4/P4)*100 -> 0 | Y4: =(O4/P4)*100 -> 0 | Z4: =E4/F4 -> 1.3074341 | AA4: =(SUM(E4,F4)/(L4+0.1))/100 -> 481.1 | AB4: =(SUM(E4,F4)/(M4+0.1))/100 -> 481.1 | AC4: =(SUM(E4,F4)/(N4+0.1))/100 -> 481.1 | AD4: =(SUM(E4,F4)/(O4+0.1))/100 -> 481.1
A5: =A4+1 -> 39 | B5: Restauración | C5: Abaceria del Postigo | D5: Tripadvisor | E5: 1593 | F5: 2211 | G5: 4.7 | H5: 4.9 | I5: =((G5*E5)+(H5*F5))/SUM(E5,F5) -> 4.8162461 | J5: 1 | K5: 4 | L5: 0 | M5: 0 | N5: 0 | O5: =(L5*0.5)+(M5*0.4)+(N5*0.1) -> 0 | P5: 220 | Q5: =ABS(G5-H5) -> 0.2 | R5: =ABS(G5-I5) -> 0.11624606 | S5: =ABS(H5-I5) -> 0.083753943 | T5: =SUM(E5,F5)/P5 -> 17.290909 | U5: =LOG10(E5+F5)*I5 -> 17.243319 | V5: =(L5/P5)*100 -> 0 | W5: =(M5/P5)*100 -> 0 | X5: =(N5/P5)*100 -> 0 | Y5: =(O5/P5)*100 -> 0 | Z5: =E5/F5 -> 0.72048847 | AA5: =(SUM(E5,F5)/(L5+0.1))/100 -> 380.4 | AB5: =(SUM(E5,F5)/(M5+0.1))/100 -> 380.4 | AC5: =(SUM(E5,F5)/(N5+0.1))/100 -> 380.4 | AD5: =(SUM(E5,F5)/(O5+0.1))/100 -> 380.4
A6: =A5+1 -> 40 | B6: Restauración | C6: Restaurante & Tapas El Sella | D6: Tripadvisor | E6: 4975 | F6: 6541 | G6: 4.7 | H6: 4.9 | I6: =((G6*E6)+(H6*F6))/SUM(E6,F6) -> 4.8135985 | J6: 1 | K6: 5 | L6: 0 | M6: 0 | N6: 0 | O6: =(L6*0.5)+(M6*0.4)+(N6*0.1) -> 0 | P6: 908 | Q6: =ABS(G6-H6) -> 0.2 | R6: =ABS(G6-I6) -> 0.11359847 | S6: =ABS(H6-I6) -> 0.086401528 | T6: =SUM(E6,F6)/P6 -> 12.682819 | U6: =LOG10(E6+F6)*I6 -> 19.549475 | V6: =(L6/P6)*100 -> 0 | W6: =(M6/P6)*100 -> 0 | X6: =(N6/P6)*100 -> 0 | Y6: =(O6/P6)*100 -> 0 | Z6: =E6/F6 -> 0.76058707 | AA6: =(SUM(E6,F6)/(L6+0.1))/100 -> 1151.6 | AB6: =(SUM(E6,F6)/(M6+0.1))/100 -> 1151.6 | AC6: =(SUM(E6,F6)/(N6+0.1))/100 -> 1151.6 | AD6: =(SUM(E6,F6)/(O6+0.1))/100 -> 1151.6
A7: =A6+1 -> 41 | B7: Restauración | C7: Gascona | D7: Tripadvisor | E7: 2753 | F7: 4410 | G7: 4.8 | H7: 4.9 | I7: =((G7*E7)+(H7*F7))/SUM(E7,F7) -> 4.8615664 | J7: 1 | K7: 6 | L7: 13 | M7: 0 | N7: 0 | O7: =(L7*0.5)+(M7*0.4)+(N7*0.1) -> 6.5 | P7: 1080 | Q7: =ABS(G7-H7) -> 0.1 | R7: =ABS(G7-I7) -> 0.061566383 | S7: =ABS(H7-I7) -> 0.038433617 | T7: =SUM(E7,F7)/P7 -> 6.6324074 | U7: =LOG10(E7+F7)*I7 -> 18.7418 | V7: =(L7/P7)*100 -> 1.2037037 | W7: =(M7/P7)*100 -> 0 | X7: =(N7/P7)*100 -> 0 | Y7: =(O7/P7)*100 -> 0.60185185 | Z7: =E7/F7 -> 0.62426304 | AA7: =(SUM(E7,F7)/(L7+0.1))/100 -> 5.4679389 | AB7: =(SUM(E7,F7)/(M7+0.1))/100 -> 716.3 | AC7: =(SUM(E7,F7)/(N7+0.1))/100 -> 716.3 | AD7: =(SUM(E7,F7)/(O7+0.1))/100 -> 10.85303
A8: =A7+1 -> 42 | B8: Restauración | C8: Sibuya Urban Sushi Bar Sevilla (Calle Albareda) | D8: Tripadvisor | E8: 4594 | F8: 7390 | G8: 4.5 | H8: 4.9 | I8: =((G8*E8)+(H8*F8))/SUM(E8,F8) -> 4.7466622 | J8: 1 | K8: 7 | L8: 0 | M8: 0 | N8: 0 | O8: =(L8*0.5)+(M8*0.4)+(N8*0.1) -> 0 | P8: 446 | Q8: =ABS(G8-H8) -> 0.4 | R8: =ABS(G8-I8) -> 0.24666222 | S8: =ABS(H8-I8) -> 0.15333778 | T8: =SUM(E8,F8)/P8 -> 26.869955 | U8: =LOG10(E8+F8)*I8 -> 19.359745 | V8: =(L8/P8)*100 -> 0 | W8: =(M8/P8)*100 -> 0 | X8: =(N8/P8)*100 -> 0 | Y8: =(O8/P8)*100 -> 0 | Z8: =E8/F8 -> 0.62165088 | AA8: =(SUM(E8,F8)/(L8+0.1))/100 -> 1198.4 | AB8: =(SUM(E8,F8)/(M8+0.1))/100 -> 1198.4 | AC8: =(SUM(E8,F8)/(N8+0.1))/100 -> 1198.4 | AD8: =(SUM(E8,F8)/(O8+0.1))/100 -> 1198.4
A9: =A8+1 -> 43 | B9: Restauración | C9: Brunchit (Calle Santa Patronas) | D9: Tripadvisor | E9: 3265 | F9: 643 | G9: 4.9 | H9: 4.9 | I9: =((G9*E9)+(H9*F9))/SUM(E9,F9) -> 4.9 | J9: 1 | K9: 8 | L9: 0 | M9: 0 | N9: 0 | O9: =(L9*0.5)+(M9*0.4)+(N9*0.1) -> 0 | P9: 679 | Q9: =ABS(G9-H9) -> 0 | R9: =ABS(G9-I9) -> 0 | S9: =ABS(H9-I9) -> 0 | T9: =SUM(E9,F9)/P9 -> 5.7555228 | U9: =LOG10(E9+F9)*I9 -> 17.600577 | V9: =(L9/P9)*100 -> 0 | W9: =(M9/P9)*100 -> 0 | X9: =(N9/P9)*100 -> 0 | Y9: =(O9/P9)*100 -> 0 | Z9: =E9/F9 -> 5.0777605 | AA9: =(SUM(E9,F9)/(L9+0.1))/100 -> 390.8 | AB9: =(SUM(E9,F9)/(M9+0.1))/100 -> 390.8 | AC9: =(SUM(E9,F9)/(N9+0.1))/100 -> 390.8 | AD9: =(SUM(E9,F9)/(O9+0.1))/100 -> 390.8
A10: =A9+1 -> 44 | B10: Restauración | C10: MareaViva | D10: Tripadvisor | E10: 2291 | F10: 3715 | G10: 4.4 | H10: 4.9 | I10: =((G10*E10)+(H10*F10))/SUM(E10,F10) -> 4.7092741 | J10: 1 | K10: 9 | L10: 50 | M10: 50 | N10: 50 | O10: =(L10*0.5)+(M10*0.4)+(N10*0.1) -> 50 | P10: 1840 | Q10: =ABS(G10-H10) -> 0.5 | R10: =ABS(G10-I10) -> 0.30927406 | S10: =ABS(H10-I10) -> 0.19072594 | T10: =SUM(E10,F10)/P10 -> 3.2641304 | U10: =LOG10(E10+F10)*I10 -> 17.794394 | V10: =(L10/P10)*100 -> 2.7173913 | W10: =(M10/P10)*100 -> 2.7173913 | X10: =(N10/P10)*100 -> 2.7173913 | Y10: =(O10/P10)*100 -> 2.7173913 | Z10: =E10/F10 -> 0.6166891 | AA10: =(SUM(E10,F10)/(L10+0.1))/100 -> 1.1988024 | AB10: =(SUM(E10,F10)/(M10+0.1))/100 -> 1.1988024 | AC10: =(SUM(E10,F10)/(N10+0.1))/100 -> 1.1988024 | AD10: =(SUM(E10,F10)/(O10+0.1))/100 -> 1.1988024
A11: =A10+1 -> 45 | B11: Restauración | C11: La Comilona | D11: Tripadvisor | E11: 2599 | F11: 2311 | G11: 4.3 | H11: 4.8 | I11: =((G11*E11)+(H11*F11))/SUM(E11,F11) -> 4.535336 | J11: 1 | K11: 10 | L11: 100 | M11: 0 | N11: 16 | O11: =(L11*0.5)+(M11*0.4)+(N11*0.1) -> 51.6 | P11: 1870 | Q11: =ABS(G11-H11) -> 0.5 | R11: =ABS(G11-I11) -> 0.23533605 | S11: =ABS(H11-I11) -> 0.26466395 | T11: =SUM(E11,F11)/P11 -> 2.6256684 | U11: =LOG10(E11+F11)*I11 -> 16.740295 | V11: =(L11/P11)*100 -> 5.3475936 | W11: =(M11/P11)*100 -> 0 | X11: =(N11/P11)*100 -> 0.85561497 | Y11: =(O11/P11)*100 -> 2.7593583 | Z11: =E11/F11 -> 1.1246214 | AA11: =(SUM(E11,F11)/(L11+0.1))/100 -> 0.49050949 | AB11: =(SUM(E11,F11)/(M11+0.1))/100 -> 491 | AC11: =(SUM(E11,F11)/(N11+0.1))/100 -> 3.0496894 | AD11: =(SUM(E11,F11)/(O11+0.1))/100 -> 0.94970986
A12: =A11+1 -> 46 | B12: Restauración | C12: Beirutina, Breakfast and Lunch | D12: Tripadvisor | E12: 967 | F12: 99 | G12: 4.9 | H12: 4.9 | I12: =((G12*E12)+(H12*F12))/SUM(E12,F12) -> 4.9 | J12: 1 | K12: 12 | L12: 0 | M12: 0 | N12: 0 | O12: =(L12*0.5)+(M12*0.4)+(N12*0.1) -> 0 | P12: 773 | Q12: =ABS(G12-H12) -> 0 | R12: =ABS(G12-I12) -> 0 | S12: =ABS(H12-I12) -> 0 | T12: =SUM(E12,F12)/P12 -> 1.3790427 | U12: =LOG10(E12+F12)*I12 -> 14.83601 | V12: =(L12/P12)*100 -> 0 | W12: =(M12/P12)*100 -> 0 | X12: =(N12/P12)*100 -> 0 | Y12: =(O12/P12)*100 -> 0 | Z12: =E12/F12 -> 9.7676768 | AA12: =(SUM(E12,F12)/(L12+0.1))/100 -> 106.6 | AB12: =(SUM(E12,F12)/(M12+0.1))/100 -> 106.6 | AC12: =(SUM(E12,F12)/(N12+0.1))/100 -> 106.6 | AD12: =(SUM(E12,F12)/(O12+0.1))/100 -> 106.6
A13: =A12+1 -> 47 | B13: Restauración | C13: Taberna de La Dehesa | D13: Tripadvisor | E13: 437 | F13: 674 | G13: 4 | H13: 4.7 | I13: =((G13*E13)+(H13*F13))/SUM(E13,F13) -> 4.4246625 | J13: 1 | K13: 13 | L13: 33 | M13: 0 | N13: 0 | O13: =(L13*0.5)+(M13*0.4)+(N13*0.1) -> 16.5 | P13: 1750 | Q13: =ABS(G13-H13) -> 0.7 | R13: =ABS(G13-I13) -> 0.42466247 | S13: =ABS(H13-I13) -> 0.27533753 | T13: =SUM(E13,F13)/P13 -> 0.63485714 | U13: =LOG10(E13+F13)*I13 -> 13.476257 | V13: =(L13/P13)*100 -> 1.8857143 | W13: =(M13/P13)*100 -> 0 | X13: =(N13/P13)*100 -> 0 | Y13: =(O13/P13)*100 -> 0.94285714 | Z13: =E13/F13 -> 0.64836795 | AA13: =(SUM(E13,F13)/(L13+0.1))/100 -> 0.33564955 | AB13: =(SUM(E13,F13)/(M13+0.1))/100 -> 111.1 | AC13: =(SUM(E13,F13)/(N13+0.1))/100 -> 111.1 | AD13: =(SUM(E13,F13)/(O13+0.1))/100 -> 0.66927711
A14: =A13+1 -> 48 | B14: Restauración | C14: Il Ristorantino Dell' Avvocato (Calle Regina) | D14: Tripadvisor | E14: 5845 | F14: 1658 | G14: 4.8 | H14: 4.8 | I14: =((G14*E14)+(H14*F14))/SUM(E14,F14) -> 4.8 | J14: 1 | K14: 14 | L14: 50 | M14: 0 | N14: 0 | O14: =(L14*0.5)+(M14*0.4)+(N14*0.1) -> 25 | P14: 910 | Q14: =ABS(G14-H14) -> 0 | R14: =ABS(G14-I14) -> 0 | S14: =ABS(H14-I14) -> 0 | T14: =SUM(E14,F14)/P14 -> 8.2450549 | U14: =LOG10(E14+F14)*I14 -> 18.601128 | V14: =(L14/P14)*100 -> 5.4945055 | W14: =(M14/P14)*100 -> 0 | X14: =(N14/P14)*100 -> 0 | Y14: =(O14/P14)*100 -> 2.7472527 | Z14: =E14/F14 -> 3.5253317 | AA14: =(SUM(E14,F14)/(L14+0.1))/100 -> 1.4976048 | AB14: =(SUM(E14,F14)/(M14+0.1))/100 -> 750.3 | AC14: =(SUM(E14,F14)/(N14+0.1))/100 -> 750.3 | AD14: =(SUM(E14,F14)/(O14+0.1))/100 -> 2.989243
... A33: =A32+1 -> 67 | B33: Restauración | C33: Morancho Brasería | D33: Publicidad | E33: 3799 | F33: 1 | G33: 4.7 | H33: 0 | I33: =((G33*E33)+(H33*F33))/SUM(E33,F33) -> 4.6987632 | J33: 0 | K33: 0 | L33: 0 | M33: 0 | N33: 0 | O33: =(L33*0.5)+(M33*0.4)+(N33*0.1) -> 0 | P33: 6260 | Q33: =ABS(G33-H33) -> 4.7 | R33: =ABS(G33-I33) -> 0.0012368421 | S33: =ABS(H33-I33) -> 4.6987632 | T33: =SUM(E33,F33)/P33 -> 0.60702875 | U33: =LOG10(E33+F33)*I33 -> 16.820555 | V33: =(L33/P33)*100 -> 0 | W33: =(M33/P33)*100 -> 0 | X33: =(N33/P33)*100 -> 0 | Y33: =(O33/P33)*100 -> 0 | Z33: =E33/F33 -> 3799 | AA33: =(SUM(E33,F33)/(L33+0.1))/100 -> 380 | AB33: =(SUM(E33,F33)/(M33+0.1))/100 -> 380 | AC33: =(SUM(E33,F33)/(N33+0.1))/100 -> 380 | AD33: =(SUM(E33,F33)/(O33+0.1))/100 -> 380

Sheet h2
A1: id | B1: categoria | C1: recurso | D1: origen | E1: v1a | F1: v1b | G1: v2a | H1: v2b | I1: v2p | J1: v3con | K1: v3 | L1: v4a | M1: v4b | N1: v4c | O1: v4p | P1: v5 | Q1: v6a | R1: v6b | S1: v6c | T1: v7 | U1: v8 | V1: v9a | W1: v9b | X1: v9c | Y1: v9p | Z1: v10 | AA1: v11a | AB1: v11b | AC1: v11c | AD1: v11p
A2: ='Restauración Completo'!A2 -> 36 | B2: ='Restauración Completo'!B2 -> Restauración | C2: ='Restauración Completo'!C2 -> Alimentari E Diversi | D2: ='Restauración Completo'!D2 -> Tripadvisor | E2: ='Restauración Completo'!E2 -> 2879 | F2: ='Restauración Completo'!F2 -> 3339 | G2: ='Restauración Completo'!G2 -> 4.7 | H2: ='Restauración Completo'!H2 -> 4.9 | ... AD2: ='Restauración Completo'!AD2 -> 2.657265
A3: ='Restauración Completo'!A3 -> 37 | B3: ='Restauración Completo'!B3 -> Restauración | C3: ='Restauración Completo'!C3 -> Fatouch | D3: ='Restauración Completo'!D3 -> Tripadvisor | E3: ='Restauración Completo'!E3 -> 3302 | F3: ='Restauración Completo'!F3 -> 2510 | G3: ='Restauración Completo'!G3 -> 4.7 | H3: ='Restauración Completo'!H3 -> 4.9 | ... AD3: ='Restauración Completo'!AD3 -> 581.2
A4: ='Restauración Completo'!A4 -> 38 | B4: ='Restauración Completo'!B4 -> Restauración | C4: ='Restauración Completo'!C4 -> Bodega Palo Santo | D4: ='Restauración Completo'!D4 -> Tripadvisor | E4: ='Restauración Completo'!E4 -> 2726 | F4: ='Restauración Completo'!F4 -> 2085 | G4: ='Restauración Completo'!G4 -> 4.6 | H4: ='Restauración Completo'!H4 -> 4.8 | ... AD4: ='Restauración Completo'!AD4 -> 481.1
A5: ='Restauración Completo'!A5 -> 39 | B5: ='Restauración Completo'!B5 -> Restauración | C5: ='Restauración Completo'!C5 -> Abaceria del Postigo | D5: ='Restauración Completo'!D5 -> Tripadvisor | E5: ='Restauración Completo'!E5 -> 1593 | F5: ='Restauración Completo'!F5 -> 2211 | G5: ='Restauración Completo'!G5 -> 4.7 | H5: ='Restauración Completo'!H5 -> 4.9 | ... AD5: ='Restauración Completo'!AD5 -> 380.4
A6: ='Restauración Completo'!A6 -> 40 | B6: ='Restauración Completo'!B6 -> Restauración | C6: ='Restauración Completo'!C6 -> Restaurante & Tapas El Sella | D6: ='Restauración Completo'!D6 -> Tripadvisor | E6: ='Restauración Completo'!E6 -> 4975 | F6: ='Restauración Completo'!F6 -> 6541 | G6: ='Restauración Completo'!G6 -> 4.7 | H6: ='Restauración Completo'!H6 -> 4.9 | ... AD6: ='Restauración Completo'!AD6 -> 1151.6
A7: ='Restauración Completo'!A7 -> 41 | B7: ='Restauración Completo'!B7 -> Restauración | C7: ='Restauración Completo'!C7 -> Gascona | D7: ='Restauración Completo'!D7 -> Tripadvisor | E7: ='Restauración Completo'!E7 -> 2753 | F7: ='Restauración Completo'!F7 -> 4410 | G7: ='Restauración Completo'!G7 -> 4.8 | H7: ='Restauración Completo'!H7 -> 4.9 | ... AD7: ='Restauración Completo'!AD7 -> 10.85303
A8: ='Restauración Completo'!A8 -> 42 | B8: ='Restauración Completo'!B8 -> Restauración | C8: ='Restauración Completo'!C8 -> Sibuya Urban Sushi Bar Sevilla (Calle Albareda) | D8: ='Restauración Completo'!D8 -> Tripadvisor | E8: ='Restauración Completo'!E8 -> 4594 | F8: ='Restauración Completo'!F8 -> 7390 | G8: ='Restauración Completo'!G8 -> 4.5 | H8: ='Restauración Completo'!H8 -> 4.9 | ... AD8: ='Restauración Completo'!AD8 -> 1198.4
A9: ='Restauración Completo'!A9 -> 43 | B9: ='Restauración Completo'!B9 -> Restauración | C9: ='Restauración Completo'!C9 -> Brunchit (Calle Santa Patronas) | D9: ='Restauración Completo'!D9 -> Tripadvisor | E9: ='Restauración Completo'!E9 -> 3265 | F9: ='Restauración Completo'!F9 -> 643 | G9: ='Restauración Completo'!G9 -> 4.9 | H9: ='Restauración Completo'!H9 -> 4.9 | ... AD9: ='Restauración Completo'!AD9 -> 390.8
A10: ='Restauración Completo'!A10 -> 44 | B10: ='Restauración Completo'!B10 -> Restauración | C10: ='Restauración Completo'!C10 -> MareaViva | D10: ='Restauración Completo'!D10 -> Tripadvisor | E10: ='Restauración Completo'!E10 -> 2291 | F10: ='Restauración Completo'!F10 -> 3715 | G10: ='Restauración Completo'!G10 -> 4.4 | H10: ='Restauración Completo'!H10 -> 4.9 | ... AD10: ='Restauración Completo'!AD10 -> 1.1988024
A11: ='Restauración Completo'!A11 -> 45 | B11: ='Restauración Completo'!B11 -> Restauración | C11: ='Restauración Completo'!C11 -> La Comilona | D11: ='Restauración Completo'!D11 -> Tripadvisor | E11: ='Restauración Completo'!E11 -> 2599 | F11: ='Restauración Completo'!F11 -> 2311 | G11: ='Restauración Completo'!G11 -> 4.3 | H11: ='Restauración Completo'!H11 -> 4.8 | ... AD11: ='Restauración Completo'!AD11 -> 0.94970986
A12: ='Restauración Completo'!A12 -> 46 | B12: ='Restauración Completo'!B12 -> Restauración | C12: ='Restauración Completo'!C12 -> Beirutina, Breakfast and Lunch | D12: ='Restauración Completo'!D12 -> Tripadvisor | E12: ='Restauración Completo'!E12 -> 967 | F12: ='Restauración Completo'!F12 -> 99 | G12: ='Restauración Completo'!G12 -> 4.9 | H12: ='Restauración Completo'!H12 -> 4.9 | ... AD12: ='Restauración Completo'!AD12 -> 106.6
A13: ='Restauración Completo'!A13 -> 47 | B13: ='Restauración Completo'!B13 -> Restauración | C13: ='Restauración Completo'!C13 -> Taberna de La Dehesa | D13: ='Restauración Completo'!D13 -> Tripadvisor | E13: ='Restauración Completo'!E13 -> 437 | F13: ='Restauración Completo'!F13 -> 674 | G13: ='Restauración Completo'!G13 -> 4 | H13: ='Restauración Completo'!H13 -> 4.7 | ... AD13: ='Restauración Completo'!AD13 -> 0.66927711
... A33: ='Restauración Completo'!A33 -> 67 | B33: ='Restauración Completo'!B33 -> Restauración | C33: ='Restauración Completo'!C33 -> Morancho Brasería | D33: ='Restauración Completo'!D33 -> Publicidad | E33: ='Restauración Completo'!E33 -> 3799 | F33: ='Restauración Completo'!F33 -> 1 | G33: ='Restauración Completo'!G33 -> 4.7 | H33: ='Restauración Completo'!H33 -> 0 | ... AD33: ='Restauración Completo'!AD33 -> 380

Sheet Hotel 3.1 (TripAdvisor)
A1: ID | B1: Categoría del Recurso | C1: Recurso | D1: Origen | E1: V1​a Masa Crítica - Google (Contraste) (Número de Reseñas) | F1: V1​b Masa Crítica - TripAdvisor (Origen) (Número de Reseñas) | G1: V2a​ Calidad - Google (Contraste) (Puntuación 0-5) | H1: V2b​ Calidad - TripAdvisor (Origen) (Puntuación 0-5) | I1: V2 Ponderada | J1: V3​ Ranking - TripAdvisor | K1: V4a​ Grado de Presencia Algorítmica (web) | L1: V4b Grado de Presencia Algorítmica (maps libre) | M1: V4c​ Grado de Presencia Algorítmica (maps forzado) | N1: V4​ Ponderada | O1: V5 Proximidad al Punto 0 (Metros) | P1: V6a Desviación Calidad (Contraste-Origen) | Q1: V6b Desviación de Calidad (Contraste-Ponderada) | R1: V6c Desviación de Calidad (Origen-Ponderada) | S1: V7 Grado de atención turística digital según ubicación | T1: V8 Grado de capital reputacional digital | U1: V9a Grado de Visibilidad Espacial Algorítmica en web | V1: V9b Grado de Visibilidad Espacial Algorítmica en maps libre | W1: V9c Grado de Visibilidad Espacial Algorítmica en maps forzado | X1: V9 Ponderada | Y1: V10 Grado de Ventaja Algorítmica entre Plataformas | Z1: V11a Grado de Presión Turística Digital según web | AA1: V11b Grado de Presión Turística Digital según maps libre | AB1: V11c Grado de Presión Turística Digital según maps forzado | AC1: V11 Ponderada
A2: ='Restauración 2.2 (Publicidad)'!A8+1 -> 68 | B2: Hotel | C2: Hotel Gravina 51 | D2: Tripadvisor | E2: 566 | F2: 1394 | G2: 4.9 | H2: 5 | I2: =((G2*E2)+(H2*F2))/SUM(E2,F2) -> 4.9711224 | J2: 1 | K2: 0 | L2: 0 | M2: 0 | N2: =(K2*0.5)+(L2*0.4)+(M2*0.1) -> 0 | O2: 785 | P2: =ABS(G2-H2) -> 0.1 | Q2: =ABS(H2-I2) -> 0.028877551 | R2: =ABS(H2-I2) -> 0.028877551 | S2: =SUM(E2,F2)/O2 -> 2.4968153 | T2: =LOG10(E2+F2)*I2 -> 16.366208 | U2: =(K2/O2)*100 -> 0 | V2: =(L2/O2)*100 -> 0 | W2: =(M2/O2)*100 -> 0 | X2: =(N2/O2)*100 -> 0 | Y2: =E2/F2 -> 0.40602582 | Z2: =(SUM(E2,F2)/(K2+0.1))/100 -> 196 | AA2: =(SUM(E2,F2)/(L2+0.1))/100 -> 196 | AB2: =(SUM(E2,F2)/(M2+0.1))/100 -> 196 | AC2: =(SUM(E2,F2)/(N2+0.1))/100 -> 196
A3: =A2+1 -> 69 | B3: Hotel | C3: Hotel Tayko Sevilla | D3: Tripadvisor | E3: 260 | F3: 493 | G3: 4.8 | H3: 5 | I3: =((G3*E3)+(H3*F3))/SUM(E3,F3) -> 4.9309429 | J3: 2 | K3: 0 | L3: 0 | M3: 0 | N3: =(K3*0.5)+(L3*0.4)+(M3*0.1) -> 0 | O3: 440 | P3: =ABS(G3-H3) -> 0.2 | Q3: =ABS(G3-I3) -> 0.1309429 | R3: =ABS(H3-I3) -> 0.069057105 | S3: =SUM(E3,F3)/O3 -> 1.7113636 | T3: =LOG10(E3+F3)*I3 -> 14.185312 | U3: =(K3/O3)*100 -> 0 | V3: =(L3/O3)*100 -> 0 | W3: =(M3/O3)*100 -> 0 | X3: =(N3/O3)*100 -> 0 | Y3: =E3/F3 -> 0.52738337 | Z3: =(SUM(E3,F3)/(K3+0.1))/100 -> 75.3 | AA3: =(SUM(E3,F3)/(L3+0.1))/100 -> 75.3 | AB3: =(SUM(E3,F3)/(M3+0.1))/100 -> 75.3 | AC3: =(SUM(E3,F3)/(N3+0.1))/100 -> 75.3
A4: =A3+1 -> 70 | B4: Hotel | C4: Cavalta Boutique Hotel | D4: Tripadvisor | E4: 185 | F4: 224 | G4: 4.5 | H4: 4.9 | I4: =((G4*E4)+(H4*F4))/SUM(E4,F4) -> 4.7190709 | J4: 3 | K4: 0 | L4: 0 | M4: 20 | N4: =(K4*0.5)+(L4*0.4)+(M4*0.1) -> 2 | O4: 1510 | P4: =ABS(G4-H4) -> 0.4 | Q4: =ABS(G4-I4) -> 0.2190709 | R4: =ABS(H4-I4) -> 0.1809291 | S4: =SUM(E4,F4)/O4 -> 0.27086093 | T4: =LOG10(E4+F4)*I4 -> 12.324907 | U4: =(K4/O4)*100 -> 0 | V4: =(L4/O4)*100 -> 0 | W4: =(M4/O4)*100 -> 1.3245033 | X4: =(N4/O4)*100 -> 0.13245033 | Y4: =E4/F4 -> 0.82589286 | Z4: =(SUM(E4,F4)/(K4+0.1))/100 -> 40.9 | AA4: =(SUM(E4,F4)/(L4+0.1))/100 -> 40.9 | AB4: =(SUM(E4,F4)/(M4+0.1))/100 -> 0.20348259 | AC4: =(SUM(E4,F4)/(N4+0.1))/100 -> 1.947619
A5: =A4+1 -> 71 | B5: Hotel | C5: H10 Casa de la Plata | D5: Tripadvisor | E5: 971 | F5: 920 | G5: 4.8 | H5: 4.9 | I5: =((G5*E5)+(H5*F5))/SUM(E5,F5) -> 4.8486515 | J5: 4 | K5: 0 | L5: 0 | M5: 0 | N5: =(K5*0.5)+(L5*0.4)+(M5*0.1) -> 0 | O5: 548 | P5: =ABS(G5-H5) -> 0.1 | Q5: =ABS(G5-I5) -> 0.048651507 | R5: =ABS(H5-I5) -> 0.051348493 | S5: =SUM(E5,F5)/O5 -> 3.4507299 | T5: =LOG10(E5+F5)*I5 -> 15.887535 | U5: =(K5/O5)*100 -> 0 | V5: =(L5/O5)*100 -> 0 | W5: =(M5/O5)*100 -> 0 | X5: =(N5/O5)*100 -> 0 | Y5: =E5/F5 -> 1.0554348 | Z5: =(SUM(E5,F5)/(K5+0.1))/100 -> 189.1 | AA5: =(SUM(E5,F5)/(L5+0.1))/100 -> 189.1 | AB5: =(SUM(E5,F5)/(M5+0.1))/100 -> 189.1 | AC5: =(SUM(E5,F5)/(N5+0.1))/100 -> 189.1
A6: =A5+1 -> 72 | B6: Hotel | C6: Mercer Plaza Sevilla | D6: Tripadvisor | E6: 206 | F6: 216 | G6: 4.7 | H6: 4.9 | I6: =((G6*E6)+(H6*F6))/SUM(E6,F6) -> 4.8023697 | J6: 5 | K6: 0 | L6: 20 | M6: 0 | N6: =(K6*0.5)+(L6*0.4)+(M6*0.1) -> 8 | O6: 255 | P6: =ABS(G6-H6) -> 0.2 | Q6: =ABS(G6-I6) -> 0.10236967 | R6: =ABS(H6-I6) -> 0.097630332 | S6: =SUM(E6,F6)/O6 -> 1.654902 | T6: =LOG10(E6+F6)*I6 -> 12.607721 | U6: =(K6/O6)*100 -> 0 | V6: =(L6/O6)*100 -> 7.8431373 | W6: =(M6/O6)*100 -> 0 | X6: =(N6/O6)*100 -> 3.1372549 | Y6: =E6/F6 -> 0.9537037 | Z6: =(SUM(E6,F6)/(K6+0.1))/100 -> 42.2 | AA6: =(SUM(E6,F6)/(L6+0.1))/100 -> 0.20995025 | AB6: =(SUM(E6,F6)/(M6+0.1))/100 -> 42.2 | AC6: =(SUM(E6,F6)/(N6+0.1))/100 -> 0.52098765
A7: =A6+1 -> 73 | B7: Hotel | C7: Colectia Hotel Parada del Marqués | D7: Tripadvisor | E7: 321 | F7: 493 | G7: 4.6 | H7: 4.8 | I7: =((G7*E7)+(H7*F7))/SUM(E7,F7) -> 4.7211302 | J7: 6 | K7: 0 | L7: 0 | M7: 25 | N7: =(K7*0.5)+(L7*0.4)+(M7*0.1) -> 2.5 | O7: 922 | P7: =ABS(G7-H7) -> 0.2 | Q7: =ABS(G7-I7) -> 0.12113022 | R7: =ABS(H7-I7) -> 0.078869779 | S7: =SUM(E7,F7)/O7 -> 0.88286334 | T7: =LOG10(E7+F7)*I7 -> 13.741437 | U7: =(K7/O7)*100 -> 0 | V7: =(L7/O7)*100 -> 0 | W7: =(M7/O7)*100 -> 2.7114967 | X7: =(N7/O7)*100 -> 0.27114967 | Y7: =E7/F7 -> 0.65111562 | Z7: =(SUM(E7,F7)/(K7+0.1))/100 -> 81.4 | AA7: =(SUM(E7,F7)/(L7+0.1))/100 -> 81.4 | AB7: =(SUM(E7,F7)/(M7+0.1))/100 -> 0.32430279 | AC7: =(SUM(E7,F7)/(N7+0.1))/100 -> 3.1307692
A8: =A7+1 -> 74 | B8: Hotel | C8: Hotel Kivir | D8: Tripadvisor | E8: 1161 | F8: 694 | G8: 4.7 | H8: 4.9 | I8: =((G8*E8)+(H8*F8))/SUM(E8,F8) -> 4.7748248 | J8: 7 | K8: 0 | L8: 0 | M8: 0 | N8: =(K8*0.5)+(L8*0.4)+(M8*0.1) -> 0 | O8: 730 | P8: =ABS(G8-H8) -> 0.2 | Q8: =ABS(G8-I8) -> 0.074824798 | R8: =ABS(H8-I8) -> 0.1251752 | S8: =SUM(E8,F8)/O8 -> 2.5410959 | T8: =LOG10(E8+F8)*I8 -> 15.60577 | U8: =(K8/O8)*100 -> 0 | V8: =(L8/O8)*100 -> 0 | W8: =(M8/O8)*100 -> 0 | X8: =(N8/O8)*100 -> 0 | Y8: =E8/F8 -> 1.6729107 | Z8: =(SUM(E8,F8)/(K8+0.1))/100 -> 185.5 | AA8: =(SUM(E8,F8)/(L8+0.1))/100 -> 185.5 | AB8: =(SUM(E8,F8)/(M8+0.1))/100 -> 185.5 | AC8: =(SUM(E8,F8)/(N8+0.1))/100 -> 185.5
A9: =A8+1 -> 75 | B9: Hotel | C9: Corral del Rey | D9: Tripadvisor | E9: 148 | F9: 1087 | G9: 4.6 | H9: 4.8 | I9: =((G9*E9)+(H9*F9))/SUM(E9,F9) -> 4.7760324 | J9: 8 | K9: 0 | L9: 0 | M9: 0 | N9: =(K9*0.5)+(L9*0.4)+(M9*0.1) -> 0 | O9: 361 | P9: =ABS(G9-H9) -> 0.2 | Q9: =ABS(G9-I9) -> 0.17603239 | R9: =ABS(H9-I9) -> 0.023967611 | S9: =SUM(E9,F9)/O9 -> 3.4210526 | T9: =LOG10(E9+F9)*I9 -> 14.765902 | U9: =(K9/O9)*100 -> 0 | V9: =(L9/O9)*100 -> 0 | W9: =(M9/O9)*100 -> 0 | X9: =(N9/O9)*100 -> 0 | Y9: =E9/F9 -> 0.13615455 | Z9: =(SUM(E9,F9)/(K9+0.1))/100 -> 123.5 | AA9: =(SUM(E9,F9)/(L9+0.1))/100 -> 123.5 | AB9: =(SUM(E9,F9)/(M9+0.1))/100 -> 123.5 | AC9: =(SUM(E9,F9)/(N9+0.1))/100 -> 123.5
A10: =A9+1 -> 76 | B10: Hotel | C10: Mercer Hotel Sevilla 5 GI | D10: Tripadvisor | E10: 226 | F10: 647 | G10: 4.5 | H10: 4.9 | I10: =((G10*E10)+(H10*F10))/SUM(E10,F10) -> 4.796449 | J10: 9 | K10: 0 | L10: 0 | M10: 0 | N10: =(K10*0.5)+(L10*0.4)+(M10*0.1) -> 0 | O10: 453 | P10: =ABS(G10-H10) -> 0.4 | Q10: =ABS(G10-I10) -> 0.29644903 | R10: =ABS(H10-I10) -> 0.10355097 | S10: =SUM(E10,F10)/O10 -> 1.9271523 | T10: =LOG10(E10+F10)*I10 -> 14.106425 | U10: =(K10/O10)*100 -> 0 | V10: =(L10/O10)*100 -> 0 | W10: =(M10/O10)*100 -> 0 | X10: =(N10/O10)*100 -> 0 | Y10: =E10/F10 -> 0.34930448 | Z10: =(SUM(E10,F10)/(K10+0.1))/100 -> 87.3 | AA10: =(SUM(E10,F10)/(L10+0.1))/100 -> 87.3 | AB10: =(SUM(E10,F10)/(M10+0.1))/100 -> 87.3 | AC10: =(SUM(E10,F10)/(N10+0.1))/100 -> 87.3
A11: =A10+1 -> 77 | B11: Hotel | C11: Only YOU Hotel Sevilla | D11: Tripadvisor | E11: 811 | F11: 344 | G11: 4.7 | H11: 4.9 | I11: =((G11*E11)+(H11*F11))/SUM(E11,F11) -> 4.7595671 | J11: 10 | K11: 100 | L11: 166 | M11: 50 | N11: =(K11*0.5)+(L11*0.4)+(M11*0.1) -> 121.4 | O11: 1630 | P11: =ABS(G11-H11) -> 0.2 | Q11: =ABS(G11-I11) -> 0.0595671 | R11: =ABS(H11-I11) -> 0.1404329 | S11: =SUM(E11,F11)/O11 -> 0.70858896 | T11: =LOG10(E11+F11)*I11 -> 14.576564 | U11: =(K11/O11)*100 -> 6.1349693 | V11: =(L11/O11)*100 -> 10.184049 | W11: =(M11/O11)*100 -> 3.0674847 | X11: =(N11/O11)*100 -> 7.4478528 | Y11: =E11/F11 -> 2.3575581 | Z11: =(SUM(E11,F11)/(K11+0.1))/100 -> 0.11538462 | AA11: =(SUM(E11,F11)/(L11+0.1))/100 -> 0.069536424 | AB11: =(SUM(E11,F11)/(M11+0.1))/100 -> 0.23053892 | AC11: =(SUM(E11,F11)/(N11+0.1))/100 -> 0.095061728
A12: =A11+1 -> 78 | B12: Hotel | C12: Hotel Boutique Casa Del Poeta | D12: Tripadvisor | E12: 367 | F12: 1709 | G12: 4.7 | H12: 4.9 | I12: =((G12*E12)+(H12*F12))/SUM(E12,F12) -> 4.8646435 | J12: 11 | K12: 0 | L12: 0 | M12: 0 | N12: =(K12*0.5)+(L12*0.4)+(M12*0.1) -> 0 | O12: 305 | P12: =ABS(G12-H12) -> 0.2 | Q12: =ABS(G12-I12) -> 0.16464355 | R12: =ABS(H12-I12) -> 0.035356455 | S12: =SUM(E12,F12)/O12 -> 6.8065574 | T12: =LOG10(E12+F12)*I12 -> 16.137129 | U12: =(K12/O12)*100 -> 0 | V12: =(L12/O12)*100 -> 0 | W12: =(M12/O12)*100 -> 0 | X12: =(N12/O12)*100 -> 0 | Y12: =E12/F12 -> 0.21474547 | Z12: =(SUM(E12,F12)/(K12+0.1))/100 -> 207.6 | AA12: =(SUM(E12,F12)/(L12+0.1))/100 -> 207.6 | AB12: =(SUM(E12,F12)/(M12+0.1))/100 -> 207.6 | AC12: =(SUM(E12,F12)/(N12+0.1))/100 -> 207.6
A13: =A12+1 -> 79 | B13: Hotel | C13: Plácido y Grata Hotel Boutique | D13: Tripadvisor | E13: 295 | F13: 215 | G13: 4.5 | H13: 4.9 | I13: =((G13*E13)+(H13*F13))/SUM(E13,F13) -> 4.6686275 | J13: 12 | K13: 0 | L13: 0 | M13: 0 | N13: =(K13*0.5)+(L13*0.4)+(M13*0.1) -> 0 | O13: 801 | P13: =ABS(G13-H13) -> 0.4 | Q13: =ABS(G13-I13) -> 0.16862745 | R13: =ABS(H13-I13) -> 0.23137255 | S13: =SUM(E13,F13)/O13 -> 0.63670412 | T13: =LOG10(E13+F13)*I13 -> 12.640636 | U13: =(K13/O13)*100 -> 0 | V13: =(L13/O13)*100 -> 0 | W13: =(M13/O13)*100 -> 0 | X13: =(N13/O13)*100 -> 0 | Y13: =E13/F13 -> 1.372093 | Z13: =(SUM(E13,F13)/(K13+0.1))/100 -> 51 | AA13: =(SUM(E13,F13)/(L13+0.1))/100 -> 51 | AB13: =(SUM(E13,F13)/(M13+0.1))/100 -> 51 | AC13: =(SUM(E13,F13)/(N13+0.1))/100 -> 51
A14: =A13+1 -> 80 | B14: Hotel | C14: Hotel Colón Gran Meliá | D14: Tripadvisor | E14: 2037 | F14: 3792 | G14: 4.6 | H14: 4.6 | I14: =((G14*E14)+(H14*F14))/SUM(E14,F14) -> 4.6 | J14: 13 | K14: 0 | L14: 25 | M14: 0 | N14: =(K14*0.5)+(L14*0.4)+(M14*0.1) -> 10 | O14: 740 | P14: =ABS(G14-H14) -> 0 | Q14: =ABS(G14-I14) -> 8.8817842e-16 | R14: =ABS(H14-I14) -> 8.8817842e-16 | S14: =SUM(E14,F14)/O14 -> 7.877027 | T14: =LOG10(E14+F14)*I14 -> 17.321733 | U14: =(K14/O14)*100 -> 0 | V14: =(L14/O14)*100 -> 3.3783784 | W14: =(M14/O14)*100 -> 0 | X14: =(N14/O14)*100 -> 1.3513514 | Y14: =E14/F14 -> 0.53718354 | Z14: =(SUM(E14,F14)/(K14+0.1))/100 -> 582.9 | AA14: =(SUM(E14,F14)/(L14+0.1))/100 -> 2.3223108 | AB14: =(SUM(E14,F14)/(M14+0.1))/100 -> 582.9 | AC14: =(SUM(E14,F14)/(N14+0.1))/100 -> 5.7712871
... A26: =A25+1 -> 92 | B26: Hotel | C26: Hesperia Sevilla | D26: Tripadvisor | E26: 4046 | F26: 286 | G26: 4.3 | H26: 4.7 | I26: =((G26*E26)+(H26*F26))/SUM(E26,F26) -> 4.3264081 | J26: 25 | K26: 100 | L26: 95 | M26: 50 | N26: =(K26*0.5)+(L26*0.4)+(M26*0.1) -> 93 | O26: 1580 | P26: =ABS(G26-H26) -> 0.4 | Q26: =ABS(G26-I26) -> 0.026408126 | R26: =ABS(H26-I26) -> 0.37359187 | S26: =SUM(E26,F26)/O26 -> 2.7417722 | T26: =LOG10(E26+F26)*I26 -> 15.733798 | U26: =(K26/O26)*100 -> 6.3291139 | V26: =(L26/O26)*100 -> 6.0126582 | W26: =(M26/O26)*100 -> 3.164557 | X26: =(N26/O26)*100 -> 5.8860759 | Y26: =E26/F26 -> 14.146853 | Z26: =(SUM(E26,F26)/(K26+0.1))/100 -> 0.43276723 | AA26: =(SUM(E26,F26)/(L26+0.1))/100 -> 0.4555205 | AB26: =(SUM(E26,F26)/(M26+0.1))/100 -> 0.86467066 | AC26: =(SUM(E26,F26)/(N26+0.1))/100 -> 0.46530612
B28: INFO
M31: Y

Sheet Hotel 3.2 (Publicidad)
A1: ID | B1: Categoría del Recurso | C1: Recurso | D1: Origen | E1: V1​a Masa Crítica - Google (Contraste) (Número de Reseñas) | F1: V1​b Masa Crítica - TripAdvisor (Origen) (Número de Reseñas) | G1: V2a​ Calidad - Google (Contraste) (Puntuación 0-5) | H1: V2b​ Calidad - TripAdvisor (Origen) (Puntuación 0-5) | I1: V2 Ponderada | J1: V3​ Ranking - TripAdvisor | K1: V4a​ Grado de Presencia Algorítmica (web) | L1: V4b Grado de Presencia Algorítmica (maps libre) | M1: V4c​ Grado de Presencia Algorítmica (maps forzado) | N1: V4​ Ponderada | O1: V5 Proximidad al Punto 0 (Metros) | P1: V6a Desviación Calidad (Contraste-Origen) | Q1: V6b Desviación de Calidad (Contraste-Ponderada) | R1: V6c Desviación de Calidad (Origen-Ponderada) | S1: V7 Grado de atención turística digital según ubicación | T1: V8 Grado de capital reputacional digital | U1: V9a Grado de Visibilidad Espacial Algorítmica en web | V1: V9b Grado de Visibilidad Espacial Algorítmica en maps libre | W1: V9c Grado de Visibilidad Espacial Algorítmica en maps forzado | X1: V9 Ponderada | Y1: V10 Grado de Ventaja Algorítmica entre Plataformas | Z1: V11a Grado de Presión Turística Digital según web | AA1: V11b Grado de Presión Turística Digital según maps libre | AB1: V11c Grado de Presión Turística Digital según maps forzado | AC1: V11 Grado de Presión Turística Digital
A2: ='Hotel 3.1 (TripAdvisor)'!A26+1 -> 93 | B2: Hotel | C2: Radisson Collection Hotel, Magdalena Plaza Sevilla | D2: Publicidad | E2: 646 | F2: 327 | G2: 4.6 | H2: 4.6 | I2: =((G2*E2)+(H2*F2))/SUM(E2,F2) -> 4.6 | J2: 52 | K2: 0 | L2: 14 | M2: 0 | N2: =(K2*0.5)+(L2*0.4)+(M2*0.1) -> 5.6 | O2: 666 | P2: =ABS(G2-H2) -> 0 | Q2: =ABS(G2-I2) -> 0 | R2: =ABS(H2-I2) -> 0 | S2: =SUM(E2,F2)/O2 -> 1.460961 | T2: =LOG10(E2+F2)*I2 -> 13.745319 | U2: =(K2/O2)*100 -> 0 | V2: =(L2/O2)*100 -> 2.1021021 | W2: =(M2/O2)*100 -> 0 | X2: =(N2/O2)*100 -> 0.84084084 | Y2: =E2/F2 -> 1.9755352 | Z2: =(SUM(E2,F2)/(K2+0.1))/100 -> 97.3 | AA2: =(SUM(E2,F2)/(L2+0.1))/100 -> 0.69007092 | AB2: =(SUM(E2,F2)/(M2+0.1))/100 -> 97.3 | AC2: =(SUM(E2,F2)/(N2+0.1))/100 -> 1.7070175
A3: =A2+1 -> 94 | B3: Hotel | C3: Hotel Rey Alfonso X | D3: Publicidad | E3: 1473 | F3: 2447 | G3: 4.6 | H3: 4.4 | I3: =((G3*E3)+(H3*F3))/SUM(E3,F3) -> 4.4751531 | J3: 42 | K3: 0 | L3: 0 | M3: 0 | N3: =(K3*0.5)+(L3*0.4)+(M3*0.1) -> 0 | O3: 407 | P3: =ABS(G3-H3) -> 0.2 | Q3: =ABS(G3-I3) -> 0.12484694 | R3: =ABS(H3-I3) -> 0.075153061 | S3: =SUM(E3,F3)/O3 -> 9.6314496 | T3: =LOG10(E3+F3)*I3 -> 16.080505 | U3: =(K3/O3)*100 -> 0 | V3: =(L3/O3)*100 -> 0 | W3: =(M3/O3)*100 -> 0 | X3: =(N3/O3)*100 -> 0 | Y3: =E3/F3 -> 0.60196159 | Z3: =(SUM(E3,F3)/(K3+0.1))/100 -> 392 | AA3: =(SUM(E3,F3)/(L3+0.1))/100 -> 392 | AB3: =(SUM(E3,F3)/(M3+0.1))/100 -> 392 | AC3: =(SUM(E3,F3)/(N3+0.1))/100 -> 392
A4: =A3+1 -> 95 | B4: Hotel | C4: Hotel Fernando III | D4: Publicidad | E4: 2547 | F4: 3516 | G4: 4.6 | H4: 4.3 | I4: =((G4*E4)+(H4*F4))/SUM(E4,F4) -> 4.4260267 | J4: 35 | K4: 0 | L4: 0 | M4: 0 | N4: =(K4*0.5)+(L4*0.4)+(M4*0.1) -> 0 | O4: 428 | P4: =ABS(G4-H4) -> 0.3 | Q4: =ABS(G4-I4) -> 0.17397328 | R4: =ABS(H4-I4) -> 0.12602672 | S4: =SUM(E4,F4)/O4 -> 14.165888 | T4: =LOG10(E4+F4)*I4 -> 16.742276 | U4: =(K4/O4)*100 -> 0 | V4: =(L4/O4)*100 -> 0 | W4: =(M4/O4)*100 -> 0 | X4: =(N4/O4)*100 -> 0 | Y4: =E4/F4 -> 0.72440273 | Z4: =(SUM(E4,F4)/(K4+0.1))/100 -> 606.3 | AA4: =(SUM(E4,F4)/(L4+0.1))/100 -> 606.3 | AB4: =(SUM(E4,F4)/(M4+0.1))/100 -> 606.3 | AC4: =(SUM(E4,F4)/(N4+0.1))/100 -> 606.3
A5: =A4+1 -> 96 | B5: Hotel | C5: Hotel Occidental Sevilla Viapol | D5: Publicidad | E5: 2309 | F5: 504 | G5: 4.4 | H5: 4.5 | I5: =((G5*E5)+(H5*F5))/SUM(E5,F5) -> 4.4179168 | J5: 47 | K5: 0 | L5: 0 | M5: 0 | N5: =(K5*0.5)+(L5*0.4)+(M5*0.1) -> 0 | O5: 1540 | P5: =ABS(G5-H5) -> 0.1 | Q5: =ABS(G5-I5) -> 0.017916815 | R5: =ABS(H5-I5) -> 0.082083185 | S5: =SUM(E5,F5)/O5 -> 1.8266234 | T5: =LOG10(E5+F5)*I5 -> 15.238145 | U5: =(K5/O5)*100 -> 0 | V5: =(L5/O5)*100 -> 0 | W5: =(M5/O5)*100 -> 0 | X5: =(N5/O5)*100 -> 0 | Y5: =E5/F5 -> 4.5813492 | Z5: =(SUM(E5,F5)/(K5+0.1))/100 -> 281.3 | AA5: =(SUM(E5,F5)/(L5+0.1))/100 -> 281.3 | AB5: =(SUM(E5,F5)/(M5+0.1))/100 -> 281.3 | AC5: =(SUM(E5,F5)/(N5+0.1))/100 -> 281.3
A6: =A5+1 -> 97 | B6: Hotel | C6: Hotel Porcel Torneo | D6: Publicidad | E6: 1480 | F6: 35 | G6: 4.3 | H6: 3.5 | I6: =((G6*E6)+(H6*F6))/SUM(E6,F6) -> 4.2815182 | J6: 175 | K6: 150 | L6: 150 | M6: 0 | N6: =(K6*0.5)+(L6*0.4)+(M6*0.1) -> 135 | O6: 3070 | P6: =ABS(G6-H6) -> 0.8 | Q6: =ABS(G6-I6) -> 0.018481848 | R6: =ABS(H6-I6) -> 0.78151815 | S6: =SUM(E6,F6)/O6 -> 0.49348534 | T6: =LOG10(E6+F6)*I6 -> 13.616994 | U6: =(K6/O6)*100 -> 4.8859935 | V6: =(L6/O6)*100 -> 4.8859935 | W6: =(M6/O6)*100 -> 0 | X6: =(N6/O6)*100 -> 4.3973941 | Y6: =E6/F6 -> 42.285714 | Z6: =(SUM(E6,F6)/(K6+0.1))/100 -> 0.10093271 | AA6: =(SUM(E6,F6)/(L6+0.1))/100 -> 0.10093271 | AB6: =(SUM(E6,F6)/(M6+0.1))/100 -> 151.5 | AC6: =(SUM(E6,F6)/(N6+0.1))/100 -> 0.11213916
A7: =A6+1 -> 98 | B7: Hotel | C7: Hotel Ibis Sevilla | D7: Publicidad | E7: 2550 | F7: 1154 | G7: 4.1 | H7: 4 | I7: =((G7*E7)+(H7*F7))/SUM(E7,F7) -> 4.0688445 | J7: 102 | K7: 0 | L7: 25 | M7: 0 | N7: =(K7*0.5)+(L7*0.4)+(M7*0.1) -> 10 | O7: 4460 | P7: =ABS(G7-H7) -> 0.1 | Q7: =ABS(G7-I7) -> 0.031155508 | R7: =ABS(H7-I7) -> 0.068844492 | S7: =SUM(E7,F7)/O7 -> 0.83049327 | T7: =LOG10(E7+F7)*I7 -> 14.520367 | U7: =(K7/O7)*100 -> 0 | V7: =(L7/O7)*100 -> 0.56053812 | W7: =(M7/O7)*100 -> 0 | X7: =(N7/O7)*100 -> 0.22421525 | Y7: =E7/F7 -> 2.2097054 | Z7: =(SUM(E7,F7)/(K7+0.1))/100 -> 370.4 | AA7: =(SUM(E7,F7)/(L7+0.1))/100 -> 1.4756972 | AB7: =(SUM(E7,F7)/(M7+0.1))/100 -> 370.4 | AC7: =(SUM(E7,F7)/(N7+0.1))/100 -> 3.6673267
A8: =A7+1 -> 99 | B8: Hotel | C8: Hotel Exe Palmera | D8: Publicidad | E8: 2705 | F8: 587 | G8: 3.9 | H8: 3.5 | I8: =((G8*E8)+(H8*F8))/SUM(E8,F8) -> 3.8286756 | J8: 155 | K8: 50 | L8: 233 | M8: 100 | N8: =(K8*0.5)+(L8*0.4)+(M8*0.1) -> 128.2 | O8: 2650 | P8: =ABS(G8-H8) -> 0.4 | Q8: =ABS(G8-I8) -> 0.071324423 | R8: =ABS(H8-I8) -> 0.32867558 | S8: =SUM(E8,F8)/O8 -> 1.2422642 | T8: =LOG10(E8+F8)*I8 -> 13.467213 | U8: =(K8/O8)*100 -> 1.8867925 | V8: =(L8/O8)*100 -> 8.7924528 | W8: =(M8/O8)*100 -> 3.7735849 | X8: =(N8/O8)*100 -> 4.8377358 | Y8: =E8/F8 -> 4.6081772 | Z8: =(SUM(E8,F8)/(K8+0.1))/100 -> 0.65708583 | AA8: =(SUM(E8,F8)/(L8+0.1))/100 -> 0.14122694 | AB8: =(SUM(E8,F8)/(M8+0.1))/100 -> 0.32887113 | AC8: =(SUM(E8,F8)/(N8+0.1))/100 -> 0.25658613
A9: =A8+1 -> 100 | B9: Hotel | C9: ibis Budget Sevilla Aeropuerto | D9: Publicidad | E9: 3010 | F9: 931 | G9: 3.9 | H9: 3.7 | I9: =((G9*E9)+(H9*F9))/SUM(E9,F9) -> 3.8527531 | J9: 135 | K9: 0 | L9: 0 | M9: 0 | N9: =(K9*0.5)+(L9*0.4)+(M9*0.1) -> 0 | O9: 4550 | P9: =ABS(G9-H9) -> 0.2 | Q9: =ABS(G9-I9) -> 0.047246892 | R9: =ABS(H9-I9) -> 0.15275311 | S9: =SUM(E9,F9)/O9 -> 0.86615385 | T9: =LOG10(E9+F9)*I9 -> 13.852984 | U9: =(K9/O9)*100 -> 0 | V9: =(L9/O9)*100 -> 0 | W9: =(M9/O9)*100 -> 0 | X9: =(N9/O9)*100 -> 0 | Y9: =E9/F9 -> 3.2330827 | Z9: =(SUM(E9,F9)/(K9+0.1))/100 -> 394.1 | AA9: =(SUM(E9,F9)/(L9+0.1))/100 -> 394.1 | AB9: =(SUM(E9,F9)/(M9+0.1))/100 -> 394.1 | AC9: =(SUM(E9,F9)/(N9+0.1))/100 -> 394.1
A10: =A9+1 -> 101 | B10: Hotel | C10: AC Hotel Sevilla Forum | D10: Publicidad | E10: 1683 | F10: 483 | G10: 4.1 | H10: 3.5 | I10: =((G10*E10)+(H10*F10))/SUM(E10,F10) -> 3.966205 | J10: 146 | K10: 0 | L10: 0 | M10: 0 | N10: =(K10*0.5)+(L10*0.4)+(M10*0.1) -> 0 | O10: 4800 | P10: =ABS(G10-H10) -> 0.6 | Q10: =ABS(G10-I10) -> 0.13379501 | R10: =ABS(H10-I10) -> 0.46620499 | S10: =SUM(E10,F10)/O10 -> 0.45125 | T10: =LOG10(E10+F10)*I10 -> 13.229905 | U10: =(K10/O10)*100 -> 0 | V10: =(L10/O10)*100 -> 0 | W10: =(M10/O10)*100 -> 0 | X10: =(N10/O10)*100 -> 0 | Y10: =E10/F10 -> 3.484472 | Z10: =(SUM(E10,F10)/(K10+0.1))/100 -> 216.6 | AA10: =(SUM(E10,F10)/(L10+0.1))/100 -> 216.6 | AB10: =(SUM(E10,F10)/(M10+0.1))/100 -> 216.6 | AC10: =(SUM(E10,F10)/(N10+0.1))/100 -> 216.6
A11: =A10+1 -> 102 | B11: Hotel | C11: Eurostars Al Andalus Palace | D11: Publicidad | E11: 11263 | F11: 5772 | G11: 4.3 | H11: 3.9 | I11: =((G11*E11)+(H11*F11))/SUM(E11,F11) -> 4.1644673 | J11: 115 | K11: 200 | L11: 125 | M11: 100 | N11: =(K11*0.5)+(L11*0.4)+(M11*0.1) -> 160 | O11: 3730 | P11: =ABS(G11-H11) -> 0.4 | Q11: =ABS(G11-I11) -> 0.13553273 | R11: =ABS(H11-I11) -> 0.26446727 | S11: =SUM(E11,F11)/O11 -> 4.5670241 | T11: =LOG10(E11+F11)*I11 -> 17.621286 | U11: =(K11/O11)*100 -> 5.3619303 | V11: =(L11/O11)*100 -> 3.3512064 | W11: =(M11/O11)*100 -> 2.6809651 | X11: =(N11/O11)*100 -> 4.2895442 | Y11: =E11/F11 -> 1.9513167 | Z11: =(SUM(E11,F11)/(K11+0.1))/100 -> 0.85132434 | AA11: =(SUM(E11,F11)/(L11+0.1))/100 -> 1.3617106 | AB11: =(SUM(E11,F11)/(M11+0.1))/100 -> 1.7017982 | AC11: =(SUM(E11,F11)/(N11+0.1))/100 -> 1.0640225
A12: =A11+1 -> 103 | B12: Hotel | C12: Virgen de los Reyes Hotel by Senator | D12: Publicidad | E12: 2169 | F12: 150 | G12: 4 | H12: 4 | I12: =((G12*E12)+(H12*F12))/SUM(E12,F12) -> 4 | J12: 136 | K12: 150 | L12: 0 | M12: 100 | N12: =(K12*0.5)+(L12*0.4)+(M12*0.1) -> 85 | O12: 2120 | P12: =ABS(G12-H12) -> 0 | Q12: =ABS(G12-I12) -> 0 | R12: =ABS(H12-I12) -> 0 | S12: =SUM(E12,F12)/O12 -> 1.0938679 | T12: =LOG10(E12+F12)*I12 -> 13.461203 | U12: =(K12/O12)*100 -> 7.0754717 | V12: =(L12/O12)*100 -> 0 | W12: =(M12/O12)*100 -> 4.7169811 | X12: =(N12/O12)*100 -> 4.009434 | Y12: =E12/F12 -> 14.46 | Z12: =(SUM(E12,F12)/(K12+0.1))/100 -> 0.154497 | AA12: =(SUM(E12,F12)/(L12+0.1))/100 -> 231.9 | AB12: =(SUM(E12,F12)/(M12+0.1))/100 -> 0.23166833 | AC12: =(SUM(E12,F12)/(N12+0.1))/100 -> 0.27250294
A13: =A12+1 -> 104 | B13: Hotel | C13: Sercotel Doña Carmela | D13: Publicidad | E13: 1590 | F13: 421 | G13: 4.3 | H13: 4 | I13: =((G13*E13)+(H13*F13))/SUM(E13,F13) -> 4.2371954 | J13: 107 | K13: 50 | L13: 25 | M13: 0 | N13: =(K13*0.5)+(L13*0.4)+(M13*0.1) -> 35 | O13: 6980 | P13: =ABS(G13-H13) -> 0.3 | Q13: =ABS(G13-I13) -> 0.062804575 | R13: =ABS(H13-I13) -> 0.23719543 | S13: =SUM(E13,F13)/O13 -> 0.28810888 | T13: =LOG10(E13+F13)*I13 -> 13.997203 | U13: =(K13/O13)*100 -> 0.71633238 | V13: =(L13/O13)*100 -> 0.35816619 | W13: =(M13/O13)*100 -> 0 | X13: =(N13/O13)*100 -> 0.50143266 | Y13: =E13/F13 -> 3.7767221 | Z13: =(SUM(E13,F13)/(K13+0.1))/100 -> 0.40139721 | AA13: =(SUM(E13,F13)/(L13+0.1))/100 -> 0.80119522 | AB13: =(SUM(E13,F13)/(M13+0.1))/100 -> 201.1 | AC13: =(SUM(E13,F13)/(N13+0.1))/100 -> 0.57293447
A14: =A13+1 -> 105 | B14: Hotel | C14: Hotel NH Collection Sevilla | D14: Publicidad | E14: 5588 | F14: 3529 | G14: 4.5 | H14: 4.4 | I14: =((G14*E14)+(H14*F14))/SUM(E14,F14) -> 4.4612921 | J14: 31 | K14: 0 | L14: 91 | M14: 0 | N14: =(K14*0.5)+(L14*0.4)+(M14*0.1) -> 36.4 | O14: 1910 | P14: =ABS(G14-H14) -> 0.1 | Q14: =ABS(G14-I14) -> 0.038707908 | R14: =ABS(H14-I14) -> 0.061292092 | S14: =SUM(E14,F14)/O14 -> 4.7732984 | T14: =LOG10(E14+F14)*I14 -> 17.666056 | U14: =(K14/O14)*100 -> 0 | V14: =(L14/O14)*100 -> 4.7643979 | W14: =(M14/O14)*100 -> 0 | X14: =(N14/O14)*100 -> 1.9057592 | Y14: =E14/F14 -> 1.5834514 | Z14: =(SUM(E14,F14)/(K14+0.1))/100 -> 911.7 | AA14: =(SUM(E14,F14)/(L14+0.1))/100 -> 1.0007684 | AB14: =(SUM(E14,F14)/(M14+0.1))/100 -> 911.7 | AC14: =(SUM(E14,F14)/(N14+0.1))/100 -> 2.4978082
A15: =A14+1 -> 106 | B15: Hotel | C15: Hotel Ilunion Alcora Sevilla | D15: Publicidad | E15: 5811 | F15: 1801 | G15: 4.1 | H15: 3.5 | I15: =((G15*E15)+(H15*F15))/SUM(E15,F15) -> 3.9580399 | J15: - | K15: 0 | L15: 25 | M15: 0 | N15: =(K15*0.5)+(L15*0.4)+(M15*0.1) -> 10 | O15: 4000 | P15: =ABS(G15-H15) -> 0.6 | Q15: =ABS(G15-I15) -> 0.14196006 | R15: =ABS(H15-I15) -> 0.45803994 | S15: =SUM(E15,F15)/O15 -> 1.903 | T15: =LOG10(E15+F15)*I15 -> 15.363127 | U15: =(K15/O15)*100 -> 0 | V15: =(L15/O15)*100 -> 0.625 | W15: =(M15/O15)*100 -> 0 | X15: =(N15/O15)*100 -> 0.25 | Y15: =E15/F15 -> 3.2265408 | Z15: =(SUM(E15,F15)/(K15+0.1))/100 -> 761.2 | AA15: =(SUM(E15,F15)/(L15+0.1))/100 -> 3.0326693 | AB15: =(SUM(E15,F15)/(M15+0.1))/100 -> 761.2 | AC15: =(SUM(E15,F15)/(N15+0.1))/100 -> 7.5366337
A16: =A15+1 -> 107 | B16: Hotel | C16: Sevilla Congresos | D16: Publicidad | E16: 2763 | F16: 631 | G16: 4.1 | H16: 3.8 | I16: =((G16*E16)+(H16*F16))/SUM(E16,F16) -> 4.0442251 | J16: 121 | K16: 100 | L16: 100 | M16: 100 | N16: =(K16*0.5)+(L16*0.4)+(M16*0.1) -> 100 | O16: 5920 | P16: =ABS(G16-H16) -> 0.3 | Q16: =ABS(G16-I16) -> 0.055774897 | R16: =ABS(H16-I16) -> 0.2442251 | S16: =SUM(E16,F16)/O16 -> 0.57331081 | T16: =LOG10(E16+F16)*I16 -> 14.278993 | U16: =(K16/O16)*100 -> 1.6891892 | V16: =(L16/O16)*100 -> 1.6891892 | W16: =(M16/O16)*100 -> 1.6891892 | X16: =(N16/O16)*100 -> 1.6891892 | Y16: =E16/F16 -> 4.3787639 | Z16: =(SUM(E16,F16)/(K16+0.1))/100 -> 0.33906094 | AA16: =(SUM(E16,F16)/(L16+0.1))/100 -> 0.33906094 | AB16: =(SUM(E16,F16)/(M16+0.1))/100 -> 0.33906094 | AC16: =(SUM(E16,F16)/(N16+0.1))/100 -> 0.33906094
A17: =A16+1 -> 108 | B17: Hotel | C17: Exe Sevilla Macarena | D17: Publicidad | E17: 8352 | F17: 3195 | G17: 3.9 | H17: 3.5 | I17: =((G17*E17)+(H17*F17))/SUM(E17,F17) -> 3.7893219 | J17: 178 | K17: 150 | L17: 170 | M17: 200 | N17: =(K17*0.5)+(L17*0.4)+(M17*0.1) -> 163 | O17: 1970 | P17: =ABS(G17-H17) -> 0.4 | Q17: =ABS(G17-I17) -> 0.1106781 | R17: =ABS(H17-I17) -> 0.2893219 | S17: =SUM(E17,F17)/O17 -> 5.8614213 | T17: =LOG10(E17+F17)*I17 -> 15.394003 | U17: =(K17/O17)*100 -> 7.6142132 | V17: =(L17/O17)*100 -> 8.6294416 | W17: =(M17/O17)*100 -> 10.152284 | X17: =(N17/O17)*100 -> 8.2741117 | Y17: =E17/F17 -> 2.6140845 | Z17: =(SUM(E17,F17)/(K17+0.1))/100 -> 0.76928714 | AA17: =(SUM(E17,F17)/(L17+0.1))/100 -> 0.67883598 | AB17: =(SUM(E17,F17)/(M17+0.1))/100 -> 0.57706147 | AC17: =(SUM(E17,F17)/(N17+0.1))/100 -> 0.70797057
A18: =A17+1 -> 109 | B18: Hotel | C18: Hotel YIT Via Sevilla Mairena | D18: Publicidad | E18: 1778 | F18: 410 | G18: 3.7 | H18: 3.3 | I18: =((G18*E18)+(H18*F18))/SUM(E18,F18) -> 3.6250457 | J18: - | K18: 0 | L18: 0 | M18: 0 | N18: =(K18*0.5)+(L18*0.4)+(M18*0.1) -> 0 | O18: 6730 | P18: =ABS(G18-H18) -> 0.4 | Q18: =ABS(G18-I18) -> 0.074954296 | R18: =ABS(H18-I18) -> 0.3250457 | S18: =SUM(E18,G18)/O18 -> 0.26473997 | T18: =LOG10(E18+F18)*I18 -> 12.107824 | U18: =(K18/O18)*100 -> 0 | V18: =(L18/O18)*100 -> 0 | W18: =(M18/O18)*100 -> 0 | X18: =(N18/O18)*100 -> 0 | Y18: =E18/G18 -> 480.54054 | Z18: =(SUM(E18,F18)/(K18+0.1))/100 -> 218.8 | AA18: =(SUM(E18,F18)/(L18+0.1))/100 -> 218.8 | AB18: =(SUM(E18,F18)/(M18+0.1))/100 -> 218.8 | AC18: =(SUM(E18,G18)/(N18+0.1))/100 -> 178.17
A19: =A18+1 -> 110 | B19: Hotel | C19: Barceló Sevilla Renacimiento | D19: Publicidad | E19: 7310 | F19: 5670 | G19: 4.5 | H19: 4.3 | I19: =((G19*E19)+(H19*F19))/SUM(E19,F19) -> 4.4126348 | J19: 65 | K19: 33 | L19: 191 | M19: 100 | N19: =(K19*0.5)+(L19*0.4)+(M19*0.1) -> 102.9 | O19: 2680 | P19: =ABS(G19-H19) -> 0.2 | Q19: =ABS(G19-I19) -> 0.087365177 | R19: =ABS(H19-I19) -> 0.11263482 | S19: =SUM(E19,G19)/O19 -> 2.729291 | T19: =LOG10(E19+F19)*I19 -> 18.150379 | U19: =(K19/O19)*100 -> 1.2313433 | V19: =(L19/O19)*100 -> 7.1268657 | W19: =(M19/O19)*100 -> 3.7313433 | X19: =(N19/O19)*100 -> 3.8395522 | Y19: =E19/G19 -> 1624.4444 | Z19: =(SUM(E19,F19)/(K19+0.1))/100 -> 3.9214502 | AA19: =(SUM(E19,F19)/(L19+0.1))/100 -> 0.67922554 | AB19: =(SUM(E19,F19)/(M19+0.1))/100 -> 1.2967033 | AC19: =(SUM(E19,G19)/(N19+0.1))/100 -> 0.71014563
A20: =A19+1 -> 111 | B20: Hotel | C20: Hilton Garden Inn Sevilla | D20: Publicidad | E20: 3281 | F20: 2947 | G20: 4.4 | H20: 4.3 | I20: =((G20*E20)+(H20*F20))/SUM(E20,F20) -> 4.3526814 | K20: 0 | L20: 25 | M20: 0 | N20: =(K20*0.5)+(L20*0.4)+(M20*0.1) -> 10 | O20: 4940 | P20: =ABS(G20-H20) -> 0.1 | Q20: =ABS(G20-I20) -> 0.047318561 | R20: =ABS(H20-I20) -> 0.052681439 | S20: =SUM(E20,G20)/O20 -> 0.66506073 | T20: =LOG10(E20+F20)*I20 -> 16.515591 | U20: =(K20/O20)*100 -> 0 | V20: =(L20/O20)*100 -> 0.50607287 | W20: =(M20/O20)*100 -> 0 | X20: =(N20/O20)*100 -> 0.20242915 | Y20: =E20/G20 -> 745.68182 | Z20: =(SUM(E20,F20)/(K20+0.1))/100 -> 622.8 | AA20: =(SUM(E20,F20)/(L20+0.1))/100 -> 2.4812749 | AB20: =(SUM(E20,F20)/(M20+0.1))/100 -> 622.8 | AC20: =(SUM(E20,G20)/(N20+0.1))/100 -> 3.2528713
A21: =A20+1 -> 112 | B21: Hotel | C21: B&B HOTEL Sevilla Bormujos | D21: Publicidad | E21: 314 | F21: 4 | G21: 4.7 | H21: 4.8 | I21: =((G21*E21)+(H21*F21))/SUM(E21,F21) -> 4.7012579 | J21: - | K21: 0 | L21: 0 | M21: 0 | N21: =(K21*0.5)+(L21*0.4)+(M21*0.1) -> 0 | O21: 7004 | P21: =ABS(G21-H21) -> 0.1 | Q21: =ABS(G21-I21) -> 0.0012578616 | R21: =ABS(H21-I21) -> 0.098742138 | S21: =SUM(E21,G21)/O21 -> 0.04550257 | T21: =LOG10(E21+F21)*I21 -> 11.764555 | U21: =(K21/O21)*100 -> 0 | V21: =(L21/O21)*100 -> 0 | W21: =(M21/O21)*100 -> 0 | X21: =(N21/O21)*100 -> 0 | Y21: =E21/G21 -> 66.808511 | Z21: =(SUM(E21,F21)/(K21+0.1))/100 -> 31.8 | AA21: =(SUM(E21,F21)/(L21+0.1))/100 -> 31.8 | AB21: =(SUM(E21,F21)/(M21+0.1))/100 -> 31.8 | AC21: =(SUM(E21,G21)/(N21+0.1))/100 -> 31.87
B26: INFO

Sheet Hoteles Completo
A1: ID | B1: Categoría del Recurso | C1: Recurso | D1: Origen | E1: V1​a Masa Crítica - Google (Contraste) (Número de Reseñas) | F1: V1​b Masa Crítica - TripAdvisor (Origen) (Número de Reseñas) | G1: V2a​ Calidad - Google (Contraste) (Puntuación 0-5) | H1: V2b​ Calidad - TripAdvisor (Origen) (Puntuación 0-5) | I1: V2 Ponderada | J1: V3 In Ta | K1: V3​ Ranking - TripAdvisor | L1: V4a​ Grado de Presencia Algorítmica (web) | M1: V4b Grado de Presencia Algorítmica (maps libre) | N1: V4c​ Grado de Presencia Algorítmica (maps forzado) | O1: V4 Ponderada | P1: V5 Proximidad al Punto 0 (Metros) | Q1: V6a Desviación Calidad (Contraste-Origen) | R1: V6b Desviación de Calidad (Contraste-Ponderada) | S1: V6c Desviación de Calidad (Origen-Ponderada) | T1: V7 Grado de atención turística digital según ubicación | U1: V8 Grado de capital reputacional digital | V1: V9a Grado de Visibilidad Espacial Algorítmica en web | W1: V9b Grado de Visibilidad Espacial Algorítmica en maps libre | X1: V9c Grado de Visibilidad Espacial Algorítmica en maps forzado | Y1: V9 Ponderada | Z1: V10 Grado de Ventaja Algorítmica entre Plataformas | AA1: V11a Grado de Presión Turística Digital según web | AB1: V11b Grado de Presión Turística Digital según maps libre | AC1: V11c Grado de Presión Turística Digital según maps forzado | AD1: V11 Ponderada
A2: ='Restauración 2.2 (Publicidad)'!A8+1 -> 68 | B2: Hotel | C2: Hotel Gravina 51 | D2: Tripadvisor | E2: 566 | F2: 1394 | G2: 4.9 | H2: 5 | I2: =((G2*E2)+(H2*F2))/SUM(E2,F2) -> 4.9711224 | J2: 1 | K2: 1 | L2: 0 | M2: 0 | N2: 0 | O2: =(L2*0.5)+(M2*0.4)+(N2*0.1) -> 0 | P2: 785 | Q2: =ABS(G2-H2) -> 0.1 | R2: =ABS(H2-I2) -> 0.028877551 | S2: =ABS(H2-I2) -> 0.028877551 | T2: =SUM(E2,F2)/P2 -> 2.4968153 | U2: =LOG10(E2+F2)*I2 -> 16.366208 | V2: =(L2/P2)*100 -> 0 | W2: =(M2/P2)*100 -> 0 | X2: =(N2/P2)*100 -> 0 | Y2: =(O2/P2)*100 -> 0 | Z2: =E2/F2 -> 0.40602582 | AA2: =(SUM(E2,F2)/(L2+0.1))/100 -> 196 | AB2: =(SUM(E2,F2)/(M2+0.1))/100 -> 196 | AC2: =(SUM(E2,F2)/(N2+0.1))/100 -> 196 | AD2: =(SUM(E2,F2)/(O2+0.1))/100 -> 196
A3: =A2+1 -> 69 | B3: Hotel | C3: Hotel Tayko Sevilla | D3: Tripadvisor | E3: 260 | F3: 493 | G3: 4.8 | H3: 5 | I3: =((G3*E3)+(H3*F3))/SUM(E3,F3) -> 4.9309429 | J3: 1 | K3: 2 | L3: 0 | M3: 0 | N3: 0 | O3: =(L3*0.5)+(M3*0.4)+(N3*0.1) -> 0 | P3: 440 | Q3: =ABS(G3-H3) -> 0.2 | R3: =ABS(G3-I3) -> 0.1309429 | S3: =ABS(H3-I3) -> 0.069057105 | T3: =SUM(E3,F3)/P3 -> 1.7113636 | U3: =LOG10(E3+F3)*I3 -> 14.185312 | V3: =(L3/P3)*100 -> 0 | W3: =(M3/P3)*100 -> 0 | X3: =(N3/P3)*100 -> 0 | Y3: =(O3/P3)*100 -> 0 | Z3: =E3/F3 -> 0.52738337 | AA3: =(SUM(E3,F3)/(L3+0.1))/100 -> 75.3 | AB3: =(SUM(E3,F3)/(M3+0.1))/100 -> 75.3 | AC3: =(SUM(E3,F3)/(N3+0.1))/100 -> 75.3 | AD3: =(SUM(E3,F3)/(O3+0.1))/100 -> 75.3
A4: =A3+1 -> 70 | B4: Hotel | C4: Cavalta Boutique Hotel | D4: Tripadvisor | E4: 185 | F4: 224 | G4: 4.5 | H4: 4.9 | I4: =((G4*E4)+(H4*F4))/SUM(E4,F4) -> 4.7190709 | J4: 1 | K4: 3 | L4: 0 | M4: 0 | N4: 20 | O4: =(L4*0.5)+(M4*0.4)+(N4*0.1) -> 2 | P4: 1510 | Q4: =ABS(G4-H4) -> 0.4 | R4: =ABS(G4-I4) -> 0.2190709 | S4: =ABS(H4-I4) -> 0.1809291 | T4: =SUM(E4,F4)/P4 -> 0.27086093 | U4: =LOG10(E4+F4)*I4 -> 12.324907 | V4: =(L4/P4)*100 -> 0 | W4: =(M4/P4)*100 -> 0 | X4: =(N4/P4)*100 -> 1.3245033 | Y4: =(O4/P4)*100 -> 0.13245033 | Z4: =E4/F4 -> 0.82589286 | AA4: =(SUM(E4,F4)/(L4+0.1))/100 -> 40.9 | AB4: =(SUM(E4,F4)/(M4+0.1))/100 -> 40.9 | AC4: =(SUM(E4,F4)/(N4+0.1))/100 -> 0.20348259 | AD4: =(SUM(E4,F4)/(O4+0.1))/100 -> 1.947619
A5: =A4+1 -> 71 | B5: Hotel | C5: H10 Casa de la Plata | D5: Tripadvisor | E5: 971 | F5: 920 | G5: 4.8 | H5: 4.9 | I5: =((G5*E5)+(H5*F5))/SUM(E5,F5) -> 4.8486515 | J5: 1 | K5: 4 | L5: 0 | M5: 0 | N5: 0 | O5: =(L5*0.5)+(M5*0.4)+(N5*0.1) -> 0 | P5: 548 | Q5: =ABS(G5-H5) -> 0.1 | R5: =ABS(G5-I5) -> 0.048651507 | S5: =ABS(H5-I5) -> 0.051348493 | T5: =SUM(E5,F5)/P5 -> 3.4507299 | U5: =LOG10(E5+F5)*I5 -> 15.887535 | V5: =(L5/P5)*100 -> 0 | W5: =(M5/P5)*100 -> 0 | X5: =(N5/P5)*100 -> 0 | Y5: =(O5/P5)*100 -> 0 | Z5: =E5/F5 -> 1.0554348 | AA5: =(SUM(E5,F5)/(L5+0.1))/100 -> 189.1 | AB5: =(SUM(E5,F5)/(M5+0.1))/100 -> 189.1 | AC5: =(SUM(E5,F5)/(N5+0.1))/100 -> 189.1 | AD5: =(SUM(E5,F5)/(O5+0.1))/100 -> 189.1
A6: =A5+1 -> 72 | B6: Hotel | C6: Mercer Plaza Sevilla | D6: Tripadvisor | E6: 206 | F6: 216 | G6: 4.7 | H6: 4.9 | I6: =((G6*E6)+(H6*F6))/SUM(E6,F6) -> 4.8023697 | J6: 1 | K6: 5 | L6: 0 | M6: 20 | N6: 0 | O6: =(L6*0.5)+(M6*0.4)+(N6*0.1) -> 8 | P6: 255 | Q6: =ABS(G6-H6) -> 0.2 | R6: =ABS(G6-I6) -> 0.10236967 | S6: =ABS(H6-I6) -> 0.097630332 | T6: =SUM(E6,F6)/P6 -> 1.654902 | U6: =LOG10(E6+F6)*I6 -> 12.607721 | V6: =(L6/P6)*100 -> 0 | W6: =(M6/P6)*100 -> 7.8431373 | X6: =(N6/P6)*100 -> 0 | Y6: =(O6/P6)*100 -> 3.1372549 | Z6: =E6/F6 -> 0.9537037 | AA6: =(SUM(E6,F6)/(L6+0.1))/100 -> 42.2 | AB6: =(SUM(E6,F6)/(M6+0.1))/100 -> 0.20995025 | AC6: =(SUM(E6,F6)/(N6+0.1))/100 -> 42.2 | AD6: =(SUM(E6,F6)/(O6+0.1))/100 -> 0.52098765
A7: =A6+1 -> 73 | B7: Hotel | C7: Colectia Hotel Parada del Marqués | D7: Tripadvisor | E7: 321 | F7: 493 | G7: 4.6 | H7: 4.8 | I7: =((G7*E7)+(H7*F7))/SUM(E7,F7) -> 4.7211302 | J7: 1 | K7: 6 | L7: 0 | M7: 0 | N7: 25 | O7: =(L7*0.5)+(M7*0.4)+(N7*0.1) -> 2.5 | P7: 922 | Q7: =ABS(G7-H7) -> 0.2 | R7: =ABS(G7-I7) -> 0.12113022 | S7: =ABS(H7-I7) -> 0.078869779 | T7: =SUM(E7,F7)/P7 -> 0.88286334 | U7: =LOG10(E7+F7)*I7 -> 13.741437 | V7: =(L7/P7)*100 -> 0 | W7: =(M7/P7)*100 -> 0 | X7: =(N7/P7)*100 -> 2.7114967 | Y7: =(O7/P7)*100 -> 0.27114967 | Z7: =E7/F7 -> 0.65111562 | AA7: =(SUM(E7,F7)/(L7+0.1))/100 -> 81.4 | AB7: =(SUM(E7,F7)/(M7+0.1))/100 -> 81.4 | AC7: =(SUM(E7,F7)/(N7+0.1))/100 -> 0.32430279 | AD7: =(SUM(E7,F7)/(O7+0.1))/100 -> 3.1307692
A8: =A7+1 -> 74 | B8: Hotel | C8: Hotel Kivir | D8: Tripadvisor | E8: 1161 | F8: 694 | G8: 4.7 | H8: 4.9 | I8: =((G8*E8)+(H8*F8))/SUM(E8,F8) -> 4.7748248 | J8: 1 | K8: 7 | L8: 0 | M8: 0 | N8: 0 | O8: =(L8*0.5)+(M8*0.4)+(N8*0.1) -> 0 | P8: 730 | Q8: =ABS(G8-H8) -> 0.2 | R8: =ABS(G8-I8) -> 0.074824798 | S8: =ABS(H8-I8) -> 0.1251752 | T8: =SUM(E8,F8)/P8 -> 2.5410959 | U8: =LOG10(E8+F8)*I8 -> 15.60577 | V8: =(L8/P8)*100 -> 0 | W8: =(M8/P8)*100 -> 0 | X8: =(N8/P8)*100 -> 0 | Y8: =(O8/P8)*100 -> 0 | Z8: =E8/F8 -> 1.6729107 | AA8: =(SUM(E8,F8)/(L8+0.1))/100 -> 185.5 | AB8: =(SUM(E8,F8)/(M8+0.1))/100 -> 185.5 | AC8: =(SUM(E8,F8)/(N8+0.1))/100 -> 185.5 | AD8: =(SUM(E8,F8)/(O8+0.1))/100 -> 185.5
A9: =A8+1 -> 75 | B9: Hotel | C9: Corral del Rey | D9: Tripadvisor | E9: 148 | F9: 1087 | G9: 4.6 | H9: 4.8 | I9: =((G9*E9)+(H9*F9))/SUM(E9,F9) -> 4.7760324 | J9: 1 | K9: 8 | L9: 0 | M9: 0 | N9: 0 | O9: =(L9*0.5)+(M9*0.4)+(N9*0.1) -> 0 | P9: 361 | Q9: =ABS(G9-H9) -> 0.2 | R9: =ABS(G9-I9) -> 0.17603239 | S9: =ABS(H9-I9) -> 0.023967611 | T9: =SUM(E9,F9)/P9 -> 3.4210526 | U9: =LOG10(E9+F9)*I9 -> 14.765902 | V9: =(L9/P9)*100 -> 0 | W9: =(M9/P9)*100 -> 0 | X9: =(N9/P9)*100 -> 0 | Y9: =(O9/P9)*100 -> 0 | Z9: =E9/F9 -> 0.13615455 | AA9: =(SUM(E9,F9)/(L9+0.1))/100 -> 123.5 | AB9: =(SUM(E9,F9)/(M9+0.1))/100 -> 123.5 | AC9: =(SUM(E9,F9)/(N9+0.1))/100 -> 123.5 | AD9: =(SUM(E9,F9)/(O9+0.1))/100 -> 123.5
A10: =A9+1 -> 76 | B10: Hotel | C10: Mercer Hotel Sevilla 5 GI | D10: Tripadvisor | E10: 226 | F10: 647 | G10: 4.5 | H10: 4.9 | I10: =((G10*E10)+(H10*F10))/SUM(E10,F10) -> 4.796449 | J10: 1 | K10: 9 | L10: 0 | M10: 0 | N10: 0 | O10: =(L10*0.5)+(M10*0.4)+(N10*0.1) -> 0 | P10: 453 | Q10: =ABS(G10-H10) -> 0.4 | R10: =ABS(G10-I10) -> 0.29644903 | S10: =ABS(H10-I10) -> 0.10355097 | T10: =SUM(E10,F10)/P10 -> 1.9271523 | U10: =LOG10(E10+F10)*I10 -> 14.106425 | V10: =(L10/P10)*100 -> 0 | W10: =(M10/P10)*100 -> 0 | X10: =(N10/P10)*100 -> 0 | Y10: =(O10/P10)*100 -> 0 | Z10: =E10/F10 -> 0.34930448 | AA10: =(SUM(E10,F10)/(L10+0.1))/100 -> 87.3 | AB10: =(SUM(E10,F10)/(M10+0.1))/100 -> 87.3 | AC10: =(SUM(E10,F10)/(N10+0.1))/100 -> 87.3 | AD10: =(SUM(E10,F10)/(O10+0.1))/100 -> 87.3
A11: =A10+1 -> 77 | B11: Hotel | C11: Only YOU Hotel Sevilla | D11: Tripadvisor | E11: 811 | F11: 344 | G11: 4.7 | H11: 4.9 | I11: =((G11*E11)+(H11*F11))/SUM(E11,F11) -> 4.7595671 | J11: 1 | K11: 10 | L11: 100 | M11: 166 | N11: 50 | O11: =(L11*0.5)+(M11*0.4)+(N11*0.1) -> 121.4 | P11: 1630 | Q11: =ABS(G11-H11) -> 0.2 | R11: =ABS(G11-I11) -> 0.0595671 | S11: =ABS(H11-I11) -> 0.1404329 | T11: =SUM(E11,F11)/P11 -> 0.70858896 | U11: =LOG10(E11+F11)*I11 -> 14.576564 | V11: =(L11/P11)*100 -> 6.1349693 | W11: =(M11/P11)*100 -> 10.184049 | X11: =(N11/P11)*100 -> 3.0674847 | Y11: =(O11/P11)*100 -> 7.4478528 | Z11: =E11/F11 -> 2.3575581 | AA11: =(SUM(E11,F11)/(L11+0.1))/100 -> 0.11538462 | AB11: =(SUM(E11,F11)/(M11+0.1))/100 -> 0.069536424 | AC11: =(SUM(E11,F11)/(N11+0.1))/100 -> 0.23053892 | AD11: =(SUM(E11,F11)/(O11+0.1))/100 -> 0.095061728
A12: =A11+1 -> 78 | B12: Hotel | C12: Hotel Boutique Casa Del Poeta | D12: Tripadvisor | E12: 367 | F12: 1709 | G12: 4.7 | H12: 4.9 | I12: =((G12*E12)+(H12*F12))/SUM(E12,F12) -> 4.8646435 | J12: 1 | K12: 11 | L12: 0 | M12: 0 | N12: 0 | O12: =(L12*0.5)+(M12*0.4)+(N12*0.1) -> 0 | P12: 305 | Q12: =ABS(G12-H12) -> 0.2 | R12: =ABS(G12-I12) -> 0.16464355 | S12: =ABS(H12-I12) -> 0.035356455 | T12: =SUM(E12,F12)/P12 -> 6.8065574 | U12: =LOG10(E12+F12)*I12 -> 16.137129 | V12: =(L12/P12)*100 -> 0 | W12: =(M12/P12)*100 -> 0 | X12: =(N12/P12)*100 -> 0 | Y12: =(O12/P12)*100 -> 0 | Z12: =E12/F12 -> 0.21474547 | AA12: =(SUM(E12,F12)/(L12+0.1))/100 -> 207.6 | AB12: =(SUM(E12,F12)/(M12+0.1))/100 -> 207.6 | AC12: =(SUM(E12,F12)/(N12+0.1))/100 -> 207.6 | AD12: =(SUM(E12,F12)/(O12+0.1))/100 -> 207.6
A13: =A12+1 -> 79 | B13: Hotel | C13: Plácido y Grata Hotel Boutique | D13: Tripadvisor | E13: 295 | F13: 215 | G13: 4.5 | H13: 4.9 | I13: =((G13*E13)+(H13*F13))/SUM(E13,F13) -> 4.6686275 | J13: 1 | K13: 12 | L13: 0 | M13: 0 | N13: 0 | O13: =(L13*0.5)+(M13*0.4)+(N13*0.1) -> 0 | P13: 801 | Q13: =ABS(G13-H13) -> 0.4 | R13: =ABS(G13-I13) -> 0.16862745 | S13: =ABS(H13-I13) -> 0.23137255 | T13: =SUM(E13,F13)/P13 -> 0.63670412 | U13: =LOG10(E13+F13)*I13 -> 12.640636 | V13: =(L13/P13)*100 -> 0 | W13: =(M13/P13)*100 -> 0 | X13: =(N13/P13)*100 -> 0 | Y13: =(O13/P13)*100 -> 0 | Z13: =E13/F13 -> 1.372093 | AA13: =(SUM(E13,F13)/(L13+0.1))/100 -> 51 | AB13: =(SUM(E13,F13)/(M13+0.1))/100 -> 51 | AC13: =(SUM(E13,F13)/(N13+0.1))/100 -> 51 | AD13: =(SUM(E13,F13)/(O13+0.1))/100 -> 51
A14: =A13+1 -> 80 | B14: Hotel | C14: Hotel Colón Gran Meliá | D14: Tripadvisor | E14: 2037 | F14: 3792 | G14: 4.6 | H14: 4.6 | I14: =((G14*E14)+(H14*F14))/SUM(E14,F14) -> 4.6 | J14: 1 | K14: 13 | L14: 0 | M14: 25 | N14: 0 | O14: =(L14*0.5)+(M14*0.4)+(N14*0.1) -> 10 | P14: 740 | Q14: =ABS(G14-H14) -> 0 | R14: =ABS(G14-I14) -> 8.8817842e-16 | S14: =ABS(H14-I14) -> 8.8817842e-16 | T14: =SUM(E14,F14)/P14 -> 7.877027 | U14: =LOG10(E14+F14)*I14 -> 17.321733 | V14: =(L14/P14)*100 -> 0 | W14: =(M14/P14)*100 -> 3.3783784 | X14: =(N14/P14)*100 -> 0 | Y14: =(O14/P14)*100 -> 1.3513514 | Z14: =E14/F14 -> 0.53718354 | AA14: =(SUM(E14,F14)/(L14+0.1))/100 -> 582.9 | AB14: =(SUM(E14,F14)/(M14+0.1))/100 -> 2.3223108 | AC14: =(SUM(E14,F14)/(N14+0.1))/100 -> 582.9 | AD14: =(SUM(E14,F14)/(O14+0.1))/100 -> 5.7712871
... A42: =A41+1 -> 108 | B42: Hotel | C42: Exe Sevilla Macarena | D42: Publicidad | E42: 8352 | F42: 3195 | G42: 3.9 | H42: 3.5 | I42: =((G42*E42)+(H42*F42))/SUM(E42,F42) -> 3.7893219 | J42: 1 | K42: 178 | L42: 150 | M42: 170 | N42: 200 | O42: =(L42*0.5)+(M42*0.4)+(N42*0.1) -> 163 | P42: 1970 | Q42: =ABS(G42-H42) -> 0.4 | R42: =ABS(G42-I42) -> 0.1106781 | S42: =ABS(H42-I42) -> 0.2893219 | T42: =SUM(E42,F42)/P42 -> 5.8614213 | U42: =LOG10(E42+F42)*I42 -> 15.394003 | V42: =(L42/P42)*100 -> 7.6142132 | W42: =(M42/P42)*100 -> 8.6294416 | X42: =(N42/P42)*100 -> 10.152284 | Y42: =(O42/P42)*100 -> 8.2741117 | Z42: =E42/F42 -> 2.6140845 | AA42: =(SUM(E42,F42)/(L42+0.1))/100 -> 0.76928714 | AB42: =(SUM(E42,F42)/(M42+0.1))/100 -> 0.67883598 | AC42: =(SUM(E42,F42)/(N42+0.1))/100 -> 0.57706147 | AD42: =(SUM(E42,F42)/(O42+0.1))/100 -> 0.70797057
A43: =A42+1 -> 109 | B43: Hotel | C43: Hotel YIT Via Sevilla Mairena | D43: Publicidad | E43: 1778 | F43: 410 | G43: 3.7 | H43: 3.3 | I43: =((G43*E43)+(H43*F43))/SUM(E43,F43) -> 3.6250457 | J43: 0 | K43: 0 | L43: 0 | M43: 0 | N43: 0 | O43: =(L43*0.5)+(M43*0.4)+(N43*0.1) -> 0 | P43: 6730 | Q43: =ABS(G43-H43) -> 0.4 | R43: =ABS(G43-I43) -> 0.074954296 | S43: =ABS(H43-I43) -> 0.3250457 | T43: =SUM(E43,G43)/P43 -> 0.26473997 | U43: =LOG10(E43+F43)*I43 -> 12.107824 | V43: =(L43/P43)*100 -> 0 | W43: =(M43/P43)*100 -> 0 | X43: =(N43/P43)*100 -> 0 | Y43: =(O43/P43)*100 -> 0 | Z43: =E43/G43 -> 480.54054 | AA43: =(SUM(E43,F43)/(L43+0.1))/100 -> 218.8 | AB43: =(SUM(E43,F43)/(M43+0.1))/100 -> 218.8 | AC43: =(SUM(E43,F43)/(N43+0.1))/100 -> 218.8 | AD43: =(SUM(E43,G43)/(O43+0.1))/100 -> 178.17
A44: =A43+1 -> 110 | B44: Hotel | C44: Barceló Sevilla Renacimiento | D44: Publicidad | E44: 7310 | F44: 5670 | G44: 4.5 | H44: 4.3 | I44: =((G44*E44)+(H44*F44))/SUM(E44,F44) -> 4.4126348 | J44: 1 | K44: 65 | L44: 33 | M44: 191 | N44: 100 | O44: =(L44*0.5)+(M44*0.4)+(N44*0.1) -> 102.9 | P44: 2680 | Q44: =ABS(G44-H44) -> 0.2 | R44: =ABS(G44-I44) -> 0.087365177 | S44: =ABS(H44-I44) -> 0.11263482 | T44: =SUM(E44,G44)/P44 -> 2.729291 | U44: =LOG10(E44+F44)*I44 -> 18.150379 | V44: =(L44/P44)*100 -> 1.2313433 | W44: =(M44/P44)*100 -> 7.1268657 | X44: =(N44/P44)*100 -> 3.7313433 | Y44: =(O44/P44)*100 -> 3.8395522 | Z44: =E44/G44 -> 1624.4444 | AA44: =(SUM(E44,F44)/(L44+0.1))/100 -> 3.9214502 | AB44: =(SUM(E44,F44)/(M44+0.1))/100 -> 0.67922554 | AC44: =(SUM(E44,F44)/(N44+0.1))/100 -> 1.2967033 | AD44: =(SUM(E44,G44)/(O44+0.1))/100 -> 0.71014563
A45: =A44+1 -> 111 | B45: Hotel | C45: Hilton Garden Inn Sevilla | D45: Publicidad | E45: 3281 | F45: 2947 | G45: 4.4 | H45: 4.3 | I45: =((G45*E45)+(H45*F45))/SUM(E45,F45) -> 4.3526814 | J45: 0 | K45: 0 | L45: 0 | M45: 25 | N45: 0 | O45: =(L45*0.5)+(M45*0.4)+(N45*0.1) -> 10 | P45: 4940 | Q45: =ABS(G45-H45) -> 0.1 | R45: =ABS(G45-I45) -> 0.047318561 | S45: =ABS(H45-I45) -> 0.052681439 | T45: =SUM(E45,G45)/P45 -> 0.66506073 | U45: =LOG10(E45+F45)*I45 -> 16.515591 | V45: =(L45/P45)*100 -> 0 | W45: =(M45/P45)*100 -> 0.50607287 | X45: =(N45/P45)*100 -> 0 | Y45: =(O45/P45)*100 -> 0.20242915 | Z45: =E45/G45 -> 745.68182 | AA45: =(SUM(E45,F45)/(L45+0.1))/100 -> 622.8 | AB45: =(SUM(E45,F45)/(M45+0.1))/100 -> 2.4812749 | AC45: =(SUM(E45,F45)/(N45+0.1))/100 -> 622.8 | AD45: =(SUM(E45,G45)/(O45+0.1))/100 -> 3.2528713
A46: =A45+1 -> 112 | B46: Hotel | C46: B&B HOTEL Sevilla Bormujos | D46: Publicidad | E46: 314 | F46: 4 | G46: 4.7 | H46: 4.8 | I46: =((G46*E46)+(H46*F46))/SUM(E46,F46) -> 4.7012579 | J46: 0 | K46: 0 | L46: 0 | M46: 0 | N46: 0 | O46: =(L46*0.5)+(M46*0.4)+(N46*0.1) -> 0 | P46: 7004 | Q46: =ABS(G46-H46) -> 0.1 | R46: =ABS(G46-I46) -> 0.0012578616 | S46: =ABS(H46-I46) -> 0.098742138 | T46: =SUM(E46,G46)/P46 -> 0.04550257 | U46: =LOG10(E46+F46)*I46 -> 11.764555 | V46: =(L46/P46)*100 -> 0 | W46: =(M46/P46)*100 -> 0 | X46: =(N46/P46)*100 -> 0 | Y46: =(O46/P46)*100 -> 0 | Z46: =E46/G46 -> 66.808511 | AA46: =(SUM(E46,F46)/(L46+0.1))/100 -> 31.8 | AB46: =(SUM(E46,F46)/(M46+0.1))/100 -> 31.8 | AC46: =(SUM(E46,F46)/(N46+0.1))/100 -> 31.8 | AD46: =(SUM(E46,G46)/(O46+0.1))/100 -> 31.87

Sheet h3
A1: id | B1: categoria | C1: recurso | D1: origen | E1: v1a | F1: v1b | G1: v2a | H1: v2b | I1: v2p | J1: v3con | K1: v3 | L1: v4a | M1: v4b | N1: v4c | O1: v4p | P1: v5 | Q1: v6a | R1: v6b | S1: v6c | T1: v7 | U1: v8 | V1: v9a | W1: v9b | X1: v9c | Y1: v9p | Z1: v10 | AA1: v11a | AB1: v11b | AC1: v11c | AD1: v11p
A2: ='Hoteles Completo'!A2 -> 68 | B2: ='Hoteles Completo'!B2 -> Hotel | C2: ='Hoteles Completo'!C2 -> Hotel Gravina 51 | D2: ='Hoteles Completo'!D2 -> Tripadvisor | E2: ='Hoteles Completo'!E2 -> 566 | F2: ='Hoteles Completo'!F2 -> 1394 | G2: ='Hoteles Completo'!G2 -> 4.9 | H2: ='Hoteles Completo'!H2 -> 5 | ... AD2: ='Hoteles Completo'!AD2 -> 196
A3: ='Hoteles Completo'!A3 -> 69 | B3: ='Hoteles Completo'!B3 -> Hotel | C3: ='Hoteles Completo'!C3 -> Hotel Tayko Sevilla | D3: ='Hoteles Completo'!D3 -> Tripadvisor | E3: ='Hoteles Completo'!E3 -> 260 | F3: ='Hoteles Completo'!F3 -> 493 | G3: ='Hoteles Completo'!G3 -> 4.8 | H3: ='Hoteles Completo'!H3 -> 5 | ... AD3: ='Hoteles Completo'!AD3 -> 75.3
A4: ='Hoteles Completo'!A4 -> 70 | B4: ='Hoteles Completo'!B4 -> Hotel | C4: ='Hoteles Completo'!C4 -> Cavalta Boutique Hotel | D4: ='Hoteles Completo'!D4 -> Tripadvisor | E4: ='Hoteles Completo'!E4 -> 185 | F4: ='Hoteles Completo'!F4 -> 224 | G4: ='Hoteles Completo'!G4 -> 4.5 | H4: ='Hoteles Completo'!H4 -> 4.9 | ... AD4: ='Hoteles Completo'!AD4 -> 1.947619
A5: ='Hoteles Completo'!A5 -> 71 | B5: ='Hoteles Completo'!B5 -> Hotel | C5: ='Hoteles Completo'!C5 -> H10 Casa de la Plata | D5: ='Hoteles Completo'!D5 -> Tripadvisor | E5: ='Hoteles Completo'!E5 -> 971 | F5: ='Hoteles Completo'!F5 -> 920 | G5: ='Hoteles Completo'!G5 -> 4.8 | H5: ='Hoteles Completo'!H5 -> 4.9 | ... AD5: ='Hoteles Completo'!AD5 -> 189.1
A6: ='Hoteles Completo'!A6 -> 72 | B6: ='Hoteles Completo'!B6 -> Hotel | C6: ='Hoteles Completo'!C6 -> Mercer Plaza Sevilla | D6: ='Hoteles Completo'!D6 -> Tripadvisor | E6: ='Hoteles Completo'!E6 -> 206 | F6: ='Hoteles Completo'!F6 -> 216 | G6: ='Hoteles Completo'!G6 -> 4.7 | H6: ='Hoteles Completo'!H6 -> 4.9 | ... AD6: ='Hoteles Completo'!AD6 -> 0.52098765
A7: ='Hoteles Completo'!A7 -> 73 | B7: ='Hoteles Completo'!B7 -> Hotel | C7: ='Hoteles Completo'!C7 -> Colectia Hotel Parada del Marqués | D7: ='Hoteles Completo'!D7 -> Tripadvisor | E7: ='Hoteles Completo'!E7 -> 321 | F7: ='Hoteles Completo'!F7 -> 493 | G7: ='Hoteles Completo'!G7 -> 4.6 | H7: ='Hoteles Completo'!H7 -> 4.8 | ... AD7: ='Hoteles Completo'!AD7 -> 3.1307692
A8: ='Hoteles Completo'!A8 -> 74 | B8: ='Hoteles Completo'!B8 -> Hotel | C8: ='Hoteles Completo'!C8 -> Hotel Kivir | D8: ='Hoteles Completo'!D8 -> Tripadvisor | E8: ='Hoteles Completo'!E8 -> 1161 | F8: ='Hoteles Completo'!F8 -> 694 | G8: ='Hoteles Completo'!G8 -> 4.7 | H8: ='Hoteles Completo'!H8 -> 4.9 | ... AD8: ='Hoteles Completo'!AD8 -> 185.5
A9: ='Hoteles Completo'!A9 -> 75 | B9: ='Hoteles Completo'!B9 -> Hotel | C9: ='Hoteles Completo'!C9 -> Corral del Rey | D9: ='Hoteles Completo'!D9 -> Tripadvisor | E9: ='Hoteles Completo'!E9 -> 148 | F9: ='Hoteles Completo'!F9 -> 1087 | G9: ='Hoteles Completo'!G9 -> 4.6 | H9: ='Hoteles Completo'!H9 -> 4.8 | ... AD9: ='Hoteles Completo'!AD9 -> 123.5
A10: ='Hoteles Completo'!A10 -> 76 | B10: ='Hoteles Completo'!B10 -> Hotel | C10: ='Hoteles Completo'!C10 -> Mercer Hotel Sevilla 5 GI | D10: ='Hoteles Completo'!D10 -> Tripadvisor | E10: ='Hoteles Completo'!E10 -> 226 | F10: ='Hoteles Completo'!F10 -> 647 | G10: ='Hoteles Completo'!G10 -> 4.5 | H10: ='Hoteles Completo'!H10 -> 4.9 | ... AD10: ='Hoteles Completo'!AD10 -> 87.3
A11: ='Hoteles Completo'!A11 -> 77 | B11: ='Hoteles Completo'!B11 -> Hotel | C11: ='Hoteles Completo'!C11 -> Only YOU Hotel Sevilla | D11: ='Hoteles Completo'!D11 -> Tripadvisor | E11: ='Hoteles Completo'!E11 -> 811 | F11: ='Hoteles Completo'!F11 -> 344 | G11: ='Hoteles Completo'!G11 -> 4.7 | H11: ='Hoteles Completo'!H11 -> 4.9 | ... AD11: ='Hoteles Completo'!AD11 -> 0.095061728
A12: ='Hoteles Completo'!A12 -> 78 | B12: ='Hoteles Completo'!B12 -> Hotel | C12: ='Hoteles Completo'!C12 -> Hotel Boutique Casa Del Poeta | D12: ='Hoteles Completo'!D12 -> Tripadvisor | E12: ='Hoteles Completo'!E12 -> 367 | F12: ='Hoteles Completo'!F12 -> 1709 | G12: ='Hoteles Completo'!G12 -> 4.7 | H12: ='Hoteles Completo'!H12 -> 4.9 | ... AD12: ='Hoteles Completo'!AD12 -> 207.6
A13: ='Hoteles Completo'!A13 -> 79 | B13: ='Hoteles Completo'!B13 -> Hotel | C13: ='Hoteles Completo'!C13 -> Plácido y Grata Hotel Boutique | D13: ='Hoteles Completo'!D13 -> Tripadvisor | E13: ='Hoteles Completo'!E13 -> 295 | F13: ='Hoteles Completo'!F13 -> 215 | G13: ='Hoteles Completo'!G13 -> 4.5 | H13: ='Hoteles Completo'!H13 -> 4.9 | ... AD13: ='Hoteles Completo'!AD13 -> 51
... A46: ='Hoteles Completo'!A46 -> 112 | B46: ='Hoteles Completo'!B46 -> Hotel | C46: ='Hoteles Completo'!C46 -> B&B HOTEL Sevilla Bormujos | D46: ='Hoteles Completo'!D46 -> Publicidad | E46: ='Hoteles Completo'!E46 -> 314 | F46: ='Hoteles Completo'!F46 -> 4 | G46: ='Hoteles Completo'!G46 -> 4.7 | H46: ='Hoteles Completo'!H46 -> 4.8 | ... AD46: ='Hoteles Completo'!AD46 -> 31.87

Sheet Apartamento 4.1 (TripAdvisor)
A1: ID | B1: Categoría del Recurso | C1: Recurso | D1: Origen | E1: V1​a Masa Crítica - Google (Contraste) (Número de Reseñas) | F1: V1​b Masa Crítica - TripAdvisor (Origen) (Número de Reseñas) | G1: V2a​ Calidad - Google (Contraste) (Puntuación 0-5) | H1: V2b​ Calidad - TripAdvisor (Origen) (Puntuación 0-5) | I1: V2 Ponderada | J1: V3​ Ranking - TripAdvisor | K1: V4a​ Grado de Presencia Algorítmica (web) | L1: V4b Grado de Presencia Algorítmica (maps libre) | M1: V4c​ Grado de Presencia Algorítmica (maps forzado) | N1: V4​ Ponderada | O1: V5 Proximidad al Punto 0 (Metros) | P1: V6a Desviación Calidad (Contraste-Origen) | Q1: V6b Desviación de Calidad (Contraste-Ponderada) | R1: V6c Desviación de Calidad (Origen-Ponderada) | S1: V7 Grado de atención turística digital según ubicación | T1: V8 Grado de capital reputacional digital | U1: V9a Grado de Visibilidad Espacial Algorítmica en web | V1: V9b Grado de Visibilidad Espacial Algorítmica en maps libre | W1: V9c Grado de Visibilidad Espacial Algorítmica en maps forzado | X1: V9 Ponderada | Y1: V10 Grado de Ventaja Algorítmica entre Plataformas | Z1: V11a Grado de Presión Turística Digital según web | AA1: V11b Grado de Presión Turística Digital según maps libre | AB1: V11c Grado de Presión Turística Digital según maps forzado | AC1: V11 Grado de Presión Turística Digital
A2: ='Hotel 3.2 (Publicidad)'!A21+1 -> 113 | B2: Apartamento | C2: Aguilas5 Sevilla Suites | D2: Tripadvisor | E2: 155 | F2: 677 | G2: 4.9 | H2: 5 | I2: =((G2*E2)+(H2*F2))/SUM(E2,F2) -> 4.9813702 | J2: 1 | K2: 0 | L2: 0 | M2: 0 | N2: =(K2*0.5)+(L2*0.4)+(M2*0.1) -> 0 | O2: 509 | P2: =ABS(G2-H2) -> 0.1 | Q2: =ABS(H2-I2) -> 0.018629808 | R2: =ABS(H2-I2) -> 0.018629808 | S2: =SUM(E2,F2)/O2 -> 1.6345776 | T2: =LOG10(E2+F2)*I2 -> 14.546215 | U2: =(K2/O2)*100 -> 0 | V2: =(L2/O2)*100 -> 0 | W2: =(M2/O2)*100 -> 0 | X2: =(N2/O2)*100 -> 0 | Y2: =E2/F2 -> 0.22895126 | Z2: =(SUM(E2,F2)/(K2+0.1))/100 -> 83.2 | AA2: =(SUM(E2,F2)/(L2+0.1))/100 -> 83.2 | AB2: =(SUM(E2,F2)/(M2+0.1))/100 -> 83.2 | AC2: =(SUM(E2,F2)/(N2+0.1))/100 -> 83.2
A3: =A2+1 -> 114 | B3: Apartamento | C3: Vincci Molviedro Suites Apartments | D3: Tripadvisor | E3: 77 | F3: 106 | G3: 4.8 | H3: 4.9 | I3: =((G3*E3)+(H3*F3))/SUM(E3,F3) -> 4.8579235 | J3: 2 | K3: 0 | L3: 0 | M3: 0 | N3: =(K3*0.5)+(L3*0.4)+(M3*0.1) -> 0 | O3: 500 | P3: =ABS(G3-H3) -> 0.1 | Q3: =ABS(G3-I3) -> 0.057923497 | R3: =ABS(H3-I3) -> 0.042076503 | S3: =SUM(E3,F3)/O3 -> 0.366 | T3: =LOG10(E3+F3)*I3 -> 10.990814 | U3: =(K3/O3)*100 -> 0 | V3: =(L3/O3)*100 -> 0 | W3: =(M3/O3)*100 -> 0 | X3: =(N3/O3)*100 -> 0 | Y3: =E3/F3 -> 0.72641509 | Z3: =(SUM(E3,F3)/(K3+0.1))/100 -> 18.3 | AA3: =(SUM(E3,F3)/(L3+0.1))/100 -> 18.3 | AB3: =(SUM(E3,F3)/(M3+0.1))/100 -> 18.3 | AC3: =(SUM(E3,F3)/(N3+0.1))/100 -> 18.3
A4: =A3+1 -> 115 | B4: Apartamento | C4: Mylu Suites by Puerta Catedral | D4: Tripadvisor | E4: 22 | F4: 142 | G4: 4.9 | H4: 4.9 | I4: =((G4*E4)+(H4*F4))/SUM(E4,F4) -> 4.9 | J4: 3 | K4: 0 | L4: 0 | M4: 0 | N4: =(K4*0.5)+(L4*0.4)+(M4*0.1) -> 0 | O4: 535 | P4: =ABS(G4-H4) -> 0 | Q4: =ABS(G4-I4) -> 8.8817842e-16 | R4: =ABS(H4-I4) -> 8.8817842e-16 | S4: =SUM(E4,F4)/O4 -> 0.30654206 | T4: =LOG10(E4+F4)*I4 -> 10.852735 | U4: =(K4/O4)*100 -> 0 | V4: =(L4/O4)*100 -> 0 | W4: =(M4/O4)*100 -> 0 | X4: =(N4/O4)*100 -> 0 | Y4: =E4/F4 -> 0.15492958 | Z4: =(SUM(E4,F4)/(K4+0.1))/100 -> 16.4 | AA4: =(SUM(E4,F4)/(L4+0.1))/100 -> 16.4 | AB4: =(SUM(E4,F4)/(M4+0.1))/100 -> 16.4 | AC4: =(SUM(E4,F4)/(N4+0.1))/100 -> 16.4
A5: =A4+1 -> 116 | B5: Apartamento | C5: Suites Murillo Alcázar | D5: Tripadvisor | E5: 81 | F5: 312 | G5: 4.6 | H5: 4.8 | I5: =((G5*E5)+(H5*F5))/SUM(E5,F5) -> 4.7587786 | J5: 4 | K5: 0 | L5: 0 | M5: 0 | N5: =(K5*0.5)+(L5*0.4)+(M5*0.1) -> 0 | O5: 212 | P5: =ABS(G5-H5) -> 0.2 | Q5: =ABS(G5-I5) -> 0.15877863 | R5: =ABS(H5-I5) -> 0.041221374 | S5: =SUM(E5,F5)/O5 -> 1.8537736 | T5: =LOG10(E5+F5)*I5 -> 12.34614 | U5: =(K5/O5)*100 -> 0 | V5: =(L5/O5)*100 -> 0 | W5: =(M5/O5)*100 -> 0 | X5: =(N5/O5)*100 -> 0 | Y5: =E5/F5 -> 0.25961538 | Z5: =(SUM(E5,F5)/(K5+0.1))/100 -> 39.3 | AA5: =(SUM(E5,F5)/(L5+0.1))/100 -> 39.3 | AB5: =(SUM(E5,F5)/(M5+0.1))/100 -> 39.3 | AC5: =(SUM(E5,F5)/(N5+0.1))/100 -> 39.3
A6: =A5+1 -> 117 | B6: Apartamento | C6: Puerta Catedral Apartments | D6: Tripadvisor | E6: 30 | F6: 469 | G6: 4.7 | H6: 4.6 | I6: =((G6*E6)+(H6*F6))/SUM(E6,F6) -> 4.606012 | J6: 5 | K6: 0 | L6: 0 | M6: 0 | N6: =(K6*0.5)+(L6*0.4)+(M6*0.1) -> 0 | O6: 97 | P6: =ABS(G6-H6) -> 0.1 | Q6: =ABS(G6-I6) -> 0.093987976 | R6: =ABS(H6-I6) -> 0.006012024 | S6: =SUM(E6,F6)/O6 -> 5.1443299 | T6: =LOG10(E6+F6)*I6 -> 12.427484 | U6: =(K6/O6)*100 -> 0 | V6: =(L6/O6)*100 -> 0 | W6: =(M6/O6)*100 -> 0 | X6: =(N6/O6)*100 -> 0 | Y6: =E6/F6 -> 0.063965885 | Z6: =(SUM(E6,F6)/(K6+0.1))/100 -> 49.9 | AA6: =(SUM(E6,F6)/(L6+0.1))/100 -> 49.9 | AB6: =(SUM(E6,F6)/(M6+0.1))/100 -> 49.9 | AC6: =(SUM(E6,F6)/(N6+0.1))/100 -> 49.9
A7: =A6+1 -> 118 | B7: Apartamento | C7: Suites Murillo Plaza de Santa Cruz | D7: Tripadvisor | E7: 188 | F7: 249 | G7: 4.7 | H7: 4.8 | I7: =((G7*E7)+(H7*F7))/SUM(E7,F7) -> 4.7569794 | J7: 6 | K7: 0 | L7: 0 | M7: 0 | N7: =(K7*0.5)+(L7*0.4)+(M7*0.1) -> 0 | O7: 374 | P7: =ABS(G7-H7) -> 0.1 | Q7: =ABS(G7-I7) -> 0.056979405 | R7: =ABS(H7-I7) -> 0.043020595 | S7: =SUM(E7,F7)/O7 -> 1.1684492 | T7: =LOG10(E7+F7)*I7 -> 12.560716 | U7: =(K7/O7)*100 -> 0 | V7: =(L7/O7)*100 -> 0 | W7: =(M7/O7)*100 -> 0 | X7: =(N7/O7)*100 -> 0 | Y7: =E7/F7 -> 0.75502008 | Z7: =(SUM(E7,F7)/(K7+0.1))/100 -> 43.7 | AA7: =(SUM(E7,F7)/(L7+0.1))/100 -> 43.7 | AB7: =(SUM(E7,F7)/(M7+0.1))/100 -> 43.7 | AC7: =(SUM(E7,F7)/(N7+0.1))/100 -> 43.7
A8: =A7+1 -> 119 | B8: Apartamento | C8: Suites Murillo Catedral | D8: Tripadvisor | E8: 179 | F8: 569 | G8: 4.6 | H8: 4.7 | I8: =((G8*E8)+(H8*F8))/SUM(E8,F8) -> 4.6760695 | J8: 7 | K8: 0 | L8: 0 | M8: 0 | N8: =(K8*0.5)+(L8*0.4)+(M8*0.1) -> 0 | O8: 158 | P8: =ABS(G8-H8) -> 0.1 | Q8: =ABS(G8-I8) -> 0.076069519 | R8: =ABS(H8-I8) -> 0.023930481 | S8: =SUM(E8,F8)/O8 -> 4.7341772 | T8: =LOG10(E8+F8)*I8 -> 13.438564 | U8: =(K8/O8)*100 -> 0 | V8: =(L8/O8)*100 -> 0 | W8: =(M8/O8)*100 -> 0 | X8: =(N8/O8)*100 -> 0 | Y8: =E8/F8 -> 0.31458699 | Z8: =(SUM(E8,F8)/(K8+0.1))/100 -> 74.8 | AA8: =(SUM(E8,F8)/(L8+0.1))/100 -> 74.8 | AB8: =(SUM(E8,F8)/(M8+0.1))/100 -> 74.8 | AC8: =(SUM(E8,F8)/(N8+0.1))/100 -> 74.8
A9: =A8+1 -> 120 | B9: Apartamento | C9: Suites Sevilla Plaza | D9: Tripadvisor | E9: 241 | F9: 443 | G9: 4.6 | H9: 4.6 | I9: =((G9*E9)+(H9*F9))/SUM(E9,F9) -> 4.6 | J9: 8 | K9: 0 | L9: 0 | M9: 0 | N9: =(K9*0.5)+(L9*0.4)+(M9*0.1) -> 0 | O9: 406 | P9: =ABS(G9-H9) -> 0 | Q9: =ABS(G9-I9) -> 0 | R9: =ABS(H9-I9) -> 0 | S9: =SUM(E9,F9)/O9 -> 1.6847291 | T9: =LOG10(E9+F9)*I9 -> 13.041258 | U9: =(K9/O9)*100 -> 0 | V9: =(L9/O9)*100 -> 0 | W9: =(M9/O9)*100 -> 0 | X9: =(N9/O9)*100 -> 0 | Y9: =E9/F9 -> 0.54401806 | Z9: =(SUM(E9,F9)/(K9+0.1))/100 -> 68.4 | AA9: =(SUM(E9,F9)/(L9+0.1))/100 -> 68.4 | AB9: =(SUM(E9,F9)/(M9+0.1))/100 -> 68.4 | AC9: =(SUM(E9,F9)/(N9+0.1))/100 -> 68.4
A10: =A9+1 -> 121 | B10: Apartamento | C10: Puerta Catedral Suites | D10: Tripadvisor | E10: 77 | F10: 274 | G10: 4.8 | H10: 4.6 | I10: =((G10*E10)+(H10*F10))/SUM(E10,F10) -> 4.6438746 | J10: 9 | K10: 0 | L10: 0 | M10: 0 | N10: =(K10*0.5)+(L10*0.4)+(M10*0.1) -> 0 | O10: 138 | P10: =ABS(G10-H10) -> 0.2 | Q10: =ABS(G10-I10) -> 0.15612536 | R10: =ABS(H10-I10) -> 0.043874644 | S10: =SUM(E10,F10)/O10 -> 2.5434783 | T10: =LOG10(E10+F10)*I10 -> 11.820087 | U10: =(K10/O10)*100 -> 0 | V10: =(L10/O10)*100 -> 0 | W10: =(M10/O10)*100 -> 0 | X10: =(N10/O10)*100 -> 0 | Y10: =E10/F10 -> 0.2810219 | Z10: =(SUM(E10,F10)/(K10+0.1))/100 -> 35.1 | AA10: =(SUM(E10,F10)/(L10+0.1))/100 -> 35.1 | AB10: =(SUM(E10,F10)/(M10+0.1))/100 -> 35.1 | AC10: =(SUM(E10,F10)/(N10+0.1))/100 -> 35.1
A11: =A10+1 -> 122 | B11: Apartamento | C11: Triana House | D11: Tripadvisor | E11: 176 | F11: 164 | G11: 4.8 | H11: 4.6 | I11: =((G11*E11)+(H11*F11))/SUM(E11,F11) -> 4.7035294 | J11: 10 | K11: 0 | L11: 0 | M11: 0 | N11: =(K11*0.5)+(L11*0.4)+(M11*0.1) -> 0 | O11: 856 | P11: =ABS(G11-H11) -> 0.2 | Q11: =ABS(G11-I11) -> 0.096470588 | R11: =ABS(H11-I11) -> 0.10352941 | S11: =SUM(E11,F11)/O11 -> 0.39719626 | T11: =LOG10(E11+F11)*I11 -> 11.906886 | U11: =(K11/O11)*100 -> 0 | V11: =(L11/O11)*100 -> 0 | W11: =(M11/O11)*100 -> 0 | X11: =(N11/O11)*100 -> 0 | Y11: =E11/F11 -> 1.0731707 | Z11: =(SUM(E11,F11)/(K11+0.1))/100 -> 34 | AA11: =(SUM(E11,F11)/(L11+0.1))/100 -> 34 | AB11: =(SUM(E11,F11)/(M11+0.1))/100 -> 34 | AC11: =(SUM(E11,F11)/(N11+0.1))/100 -> 34
A12: =A11+1 -> 123 | B12: Apartamento | C12: Mercer Residences Sevilla | D12: Tripadvisor | E12: 37 | F12: 60 | G12: 4.9 | H12: 4.9 | I12: =((G12*E12)+(H12*F12))/SUM(E12,F12) -> 4.9 | J12: 11 | K12: 0 | L12: 0 | M12: 0 | N12: =(K12*0.5)+(L12*0.4)+(M12*0.1) -> 0 | O12: 878 | P12: =ABS(G12-H12) -> 0 | Q12: =ABS(G12-I12) -> 0 | R12: =ABS(H12-I12) -> 0 | S12: =SUM(E12,F12)/O12 -> 0.11047836 | T12: =LOG10(E12+F12)*I12 -> 9.7351815 | U12: =(K12/O12)*100 -> 0 | V12: =(L12/O12)*100 -> 0 | W12: =(M12/O12)*100 -> 0 | X12: =(N12/O12)*100 -> 0 | Y12: =E12/F12 -> 0.61666667 | Z12: =(SUM(E12,F12)/(K12+0.1))/100 -> 9.7 | AA12: =(SUM(E12,F12)/(L12+0.1))/100 -> 9.7 | AB12: =(SUM(E12,F12)/(M12+0.1))/100 -> 9.7 | AC12: =(SUM(E12,F12)/(N12+0.1))/100 -> 9.7
A13: =A12+1 -> 124 | B13: Apartamento | C13: Palacio Bucarelli | D13: Tripadvisor | E13: 194 | F13: 126 | G13: 4.6 | H13: 4.7 | I13: =((G13*E13)+(H13*F13))/SUM(E13,F13) -> 4.639375 | J13: 12 | K13: 0 | L13: 0 | M13: 0 | N13: =(K13*0.5)+(L13*0.4)+(M13*0.1) -> 0 | O13: 1500 | P13: =ABS(G13-H13) -> 0.1 | Q13: =ABS(G13-I13) -> 0.039375 | R13: =ABS(H13-I13) -> 0.060625 | S13: =SUM(E13,F13)/O13 -> 0.21333333 | T13: =LOG10(E13+F13)*I13 -> 11.62233 | U13: =(K13/O13)*100 -> 0 | V13: =(L13/O13)*100 -> 0 | W13: =(M13/O13)*100 -> 0 | X13: =(N13/O13)*100 -> 0 | Y13: =E13/F13 -> 1.5396825 | Z13: =(SUM(E13,F13)/(K13+0.1))/100 -> 32 | AA13: =(SUM(E13,F13)/(L13+0.1))/100 -> 32 | AB13: =(SUM(E13,F13)/(M13+0.1))/100 -> 32 | AC13: =(SUM(E13,F13)/(N13+0.1))/100 -> 32
A14: =A13+1 -> 125 | B14: Apartamento | C14: Hom Sevilla | D14: Tripadvisor | E14: 188 | F14: 147 | G14: 4.4 | H14: 4.8 | I14: =((G14*E14)+(H14*F14))/SUM(E14,F14) -> 4.5755224 | J14: 13 | K14: 0 | L14: 0 | M14: 0 | N14: =(K14*0.5)+(L14*0.4)+(M14*0.1) -> 0 | O14: 196 | P14: =ABS(G14-H14) -> 0.4 | Q14: =ABS(G14-I14) -> 0.17552239 | R14: =ABS(H14-I14) -> 0.22447761 | S14: =SUM(E14,F14)/O14 -> 1.7091837 | T14: =LOG10(E14+F14)*I14 -> 11.553399 | U14: =(K14/O14)*100 -> 0 | V14: =(L14/O14)*100 -> 0 | W14: =(M14/O14)*100 -> 0 | X14: =(N14/O14)*100 -> 0 | Y14: =E14/F14 -> 1.2789116 | Z14: =(SUM(E14,F14)/(K14+0.1))/100 -> 33.5 | AA14: =(SUM(E14,F14)/(L14+0.1))/100 -> 33.5 | AB14: =(SUM(E14,F14)/(M14+0.1))/100 -> 33.5 | AC14: =(SUM(E14,F14)/(N14+0.1))/100 -> 33.5
... A26: =A25+1 -> 137 | B26: Apartamento | C26: nQn Aparts & Suites | D26: Tripadvisor | E26: 164 | F26: 32 | G26: 4.9 | H26: 4.8 | I26: =((G26*E26)+(H26*F26))/SUM(E26,F26) -> 4.8836735 | J26: 25 | K26: 0 | L26: 0 | M26: 0 | N26: =(K26*0.5)+(L26*0.4)+(M26*0.1) -> 0 | O26: 708 | P26: =ABS(G26-H26) -> 0.1 | Q26: =ABS(G26-I26) -> 0.016326531 | R26: =ABS(H26-I26) -> 0.083673469 | S26: =SUM(E26,F26)/O26 -> 0.27683616 | T26: =LOG10(E26+F26)*I26 -> 11.19463 | U26: =(K26/O26)*100 -> 0 | V26: =(L26/O26)*100 -> 0 | W26: =(M26/O26)*100 -> 0 | X26: =(N26/O26)*100 -> 0 | Y26: =E26/F26 -> 5.125 | Z26: =(SUM(E26,F26)/(K26+0.1))/100 -> 19.6 | AA26: =(SUM(E26,F26)/(L26+0.1))/100 -> 19.6 | AB26: =(SUM(E26,F26)/(M26+0.1))/100 -> 19.6 | AC26: =(SUM(E26,F26)/(N26+0.1))/100 -> 19.6
B29: INFO

Sheet Apartamento 4.2 (Publicidad)
A1: ID | B1: Categoría del Recurso | C1: Recurso | D1: Origen | E1: V1​a Masa Crítica - Google (Contraste) (Número de Reseñas) | F1: V1​b Masa Crítica - TripAdvisor (Origen) (Número de Reseñas) | G1: V2a​ Calidad - Google (Contraste) (Puntuación 0-5) | H1: V2b​ Calidad - TripAdvisor (Origen) (Puntuación 0-5) | I1: V2 Ponderada | J1: V3​ Ranking - TripAdvisor | K1: V4a​ Grado de Presencia Algorítmica (web) | L1: V4b Grado de Presencia Algorítmica (maps libre) | M1: V4c​ Grado de Presencia Algorítmica (maps forzado) | N1: V4​ Ponderada | O1: V5 Proximidad al Punto 0 (Metros) | P1: V6a Desviación Calidad (Contraste-Origen) | Q1: V6b Desviación de Calidad (Contraste-Ponderada) | R1: V6c Desviación de Calidad (Origen-Ponderada) | S1: V7 Grado de atención turística digital según ubicación | T1: V8 Grado de capital reputacional digital | U1: V9a Grado de Visibilidad Espacial Algorítmica en web | V1: V9b Grado de Visibilidad Espacial Algorítmica en maps libre | W1: V9c Grado de Visibilidad Espacial Algorítmica en maps forzado | X1: V9 Ponderada | Y1: V10 Grado de Ventaja Algorítmica entre Plataformas | Z1: V11a Grado de Presión Turística Digital según web | AA1: V11b Grado de Presión Turística Digital según maps libre | AB1: V11c Grado de Presión Turística Digital según maps forzado | AC1: V11 Grado de Presión Turística Digital
A2: ='Apartamento 4.1 (TripAdvisor)'!A26+1 -> 138 | B2: Apartamento | C2: Numa Solea Apartments | D2: Publicidad | E2: 112 | F2: 15 | G2: 4.6 | H2: 4.5 | I2: =((G2*E2)+(H2*F2))/SUM(E2,F2) -> 4.588189 | J2: 43 | K2: 0 | L2: 0 | M2: 0 | N2: =(K2*0.5)+(L2*0.4)+(M2*0.1) -> 0 | O2: 920 | P2: =ABS(G2-H2) -> 0.1 | Q2: =ABS(G2-I2) -> 0.011811024 | R2: =ABS(H2-I2) -> 0.088188976 | S2: =SUM(E2,F2)/O2 -> 0.13804348 | T2: =LOG10(E2+F2)*I2 -> 9.652649 | U2: =(K2/O2)*100 -> 0 | V2: =(L2/O2)*100 -> 0 | W2: =(M2/O2)*100 -> 0 | X2: =(N2/O2)*100 -> 0 | Y2: =E2/F2 -> 7.4666667 | Z2: =(SUM(E2,F2)/(K2+0.1))/100 -> 12.7 | AA2: =(SUM(E2,F2)/(L2+0.1))/100 -> 12.7 | AB2: =(SUM(E2,F2)/(M2+0.1))/100 -> 12.7 | AC2: =(SUM(E2,F2)/(N2+0.1))/100 -> 12.7
A3: =A2+1 -> 139 | B3: Apartamento | C3: Vac Luxyry Home Sevilla | D3: Publicidad | E3: 68 | F3: 3 | G3: 4.6 | H3: 5 | I3: =((G3*E3)+(H3*F3))/SUM(E3,F3) -> 4.6169014 | J3: 85 | K3: 0 | L3: 0 | M3: 0 | N3: =(K3*0.5)+(L3*0.4)+(M3*0.1) -> 0 | O3: 965 | P3: =ABS(G3-H3) -> 0.4 | Q3: =ABS(G3-I3) -> 0.016901408 | R3: =ABS(H3-I3) -> 0.38309859 | S3: =SUM(E3,F3)/O3 -> 0.07357513 | T3: =LOG10(E3+F3)*I3 -> 8.5470773 | U3: =(K3/O3)*100 -> 0 | V3: =(L3/O3)*100 -> 0 | W3: =(M3/O3)*100 -> 0 | X3: =(N3/O3)*100 -> 0 | Y3: =E3/F3 -> 22.666667 | Z3: =(SUM(E3,F3)/(K3+0.1))/100 -> 7.1 | AA3: =(SUM(E3,F3)/(L3+0.1))/100 -> 7.1 | AB3: =(SUM(E3,F3)/(M3+0.1))/100 -> 7.1 | AC3: =(SUM(E3,F3)/(N3+0.1))/100 -> 7.1
A4: =A3+1 -> 140 | B4: Apartamento | C4: Apartamentos Luxsevilla Palacio | D4: Publicidad | E4: 631 | F4: 65 | G4: 3.7 | H4: 2.6 | I4: =((G4*E4)+(H4*F4))/SUM(E4,F4) -> 3.5972701 | J4: - | K4: 0 | L4: 25 | M4: 25 | N4: =(K4*0.5)+(L4*0.4)+(M4*0.1) -> 12.5 | O4: 5780 | P4: =ABS(G4-H4) -> 1.1 | Q4: =ABS(G4-I4) -> 0.10272989 | R4: =ABS(H4-I4) -> 0.99727011 | S4: =SUM(E4,F4)/O4 -> 0.12041522 | T4: =LOG10(E4+F4)*I4 -> 10.225633 | U4: =(K4/O4)*100 -> 0 | V4: =(L4/O4)*100 -> 0.43252595 | W4: =(M4/O4)*100 -> 0.43252595 | X4: =(N4/O4)*100 -> 0.21626298 | Y4: =E4/F4 -> 9.7076923 | Z4: =(SUM(E4,F4)/(K4+0.1))/100 -> 69.6 | AA4: =(SUM(E4,F4)/(L4+0.1))/100 -> 0.27729084 | AB4: =(SUM(E4,F4)/(M4+0.1))/100 -> 0.27729084 | AC4: =(SUM(E4,F4)/(N4+0.1))/100 -> 0.55238095
A5: =A4+1 -> 141 | B5: Apartamento | C5: Smartr Sevilla Puente de Triana | D5: Publicidad | E5: 175 | F5: 2 | G5: 4.7 | H5: 3.5 | I5: =((G5*E5)+(H5*F5))/SUM(E5,F5) -> 4.6864407 | J5: - | K5: 0 | L5: 0 | M5: 0 | N5: =(K5*0.5)+(L5*0.4)+(M5*0.1) -> 0 | O5: 887 | P5: =ABS(G5-H5) -> 1.2 | Q5: =ABS(G5-I5) -> 0.013559322 | R5: =ABS(H5-I5) -> 1.1864407 | S5: =SUM(E5,F5)/O5 -> 0.19954904 | T5: =LOG10(E5+F5)*I5 -> 10.534993 | U5: =(K5/O5)*100 -> 0 | V5: =(L5/O5)*100 -> 0 | W5: =(M5/O5)*100 -> 0 | X5: =(N5/O5)*100 -> 0 | Y5: =E5/F5 -> 87.5 | Z5: =(SUM(E5,F5)/(K5+0.1))/100 -> 17.7 | AA5: =(SUM(E5,F5)/(L5+0.1))/100 -> 17.7 | AB5: =(SUM(E5,F5)/(M5+0.1))/100 -> 17.7 | AC5: =(SUM(E5,F5)/(N5+0.1))/100 -> 17.7
A6: =A5+1 -> 142 | B6: Apartamento | C6: Smartr Sevilla Las Dueñas | D6: Publicidad | E6: 156 | F6: 207 | G6: 4.3 | H6: 4.3 | I6: =((G6*E6)+(H6*F6))/SUM(E6,F6) -> 4.3 | J6: 27 | K6: 0 | L6: 0 | M6: 0 | N6: =(K6*0.5)+(L6*0.4)+(M6*0.1) -> 0 | O6: 989 | P6: =ABS(G6-H6) -> 0 | Q6: =ABS(G6-I6) -> 0 | R6: =ABS(H6-I6) -> 0 | S6: =SUM(E6,F6)/O6 -> 0.36703741 | T6: =LOG10(E6+F6)*I6 -> 11.007598 | U6: =(K6/O6)*100 -> 0 | V6: =(L6/O6)*100 -> 0 | W6: =(M6/O6)*100 -> 0 | X6: =(N6/O6)*100 -> 0 | Y6: =E6/F6 -> 0.75362319 | Z6: =(SUM(E6,F6)/(K6+0.1))/100 -> 36.3 | AA6: =(SUM(E6,F6)/(L6+0.1))/100 -> 36.3 | AB6: =(SUM(E6,F6)/(M6+0.1))/100 -> 36.3 | AC6: =(SUM(E6,F6)/(N6+0.1))/100 -> 36.3
B8: INFO

Sheet Apartamentos Completo
A1: ID | B1: Categoría del Recurso | C1: Recurso | D1: Origen | E1: V1​a Masa Crítica - Google (Contraste) (Número de Reseñas) | F1: V1​b Masa Crítica - TripAdvisor (Origen) (Número de Reseñas) | G1: V2a​ Calidad - Google (Contraste) (Puntuación 0-5) | H1: V2b​ Calidad - TripAdvisor (Origen) (Puntuación 0-5) | I1: V2 Ponderada | J1: V3 In Ta | K1: V3​ Ranking - TripAdvisor | L1: V4a​ Grado de Presencia Algorítmica (web) | M1: V4b Grado de Presencia Algorítmica (maps libre) | N1: V4c​ Grado de Presencia Algorítmica (maps forzado) | O1: V4 Ponderada | P1: V5 Proximidad al Punto 0 (Metros) | Q1: V6a Desviación Calidad (Contraste-Origen) | R1: V6b Desviación de Calidad (Contraste-Ponderada) | S1: V6c Desviación de Calidad (Origen-Ponderada) | T1: V7 Grado de atención turística digital según ubicación | U1: V8 Grado de capital reputacional digital | V1: V9a Grado de Visibilidad Espacial Algorítmica en web | W1: V9b Grado de Visibilidad Espacial Algorítmica en maps libre | X1: V9c Grado de Visibilidad Espacial Algorítmica en maps forzado | Y1: V9 Ponderada | Z1: V10 Grado de Ventaja Algorítmica entre Plataformas | AA1: V11a Grado de Presión Turística Digital según web | AB1: V11b Grado de Presión Turística Digital según maps libre | AC1: V11c Grado de Presión Turística Digital según maps forzado | AD1: V11 Ponderada
A2: ='Hotel 3.2 (Publicidad)'!A21+1 -> 113 | B2: Apartamento | C2: Aguilas5 Sevilla Suites | D2: Tripadvisor | E2: 155 | F2: 677 | G2: 4.9 | H2: 5 | I2: =((G2*E2)+(H2*F2))/SUM(E2,F2) -> 4.9813702 | J2: 1 | K2: 1 | L2: 0 | M2: 0 | N2: 0 | O2: =(L2*0.5)+(M2*0.4)+(N2*0.1) -> 0 | P2: 509 | Q2: =ABS(G2-H2) -> 0.1 | R2: =ABS(H2-I2) -> 0.018629808 | S2: =ABS(H2-I2) -> 0.018629808 | T2: =SUM(E2,F2)/P2 -> 1.6345776 | U2: =LOG10(E2+F2)*I2 -> 14.546215 | V2: =(L2/P2)*100 -> 0 | W2: =(M2/P2)*100 -> 0 | X2: =(N2/P2)*100 -> 0 | Y2: =(O2/P2)*100 -> 0 | Z2: =E2/F2 -> 0.22895126 | AA2: =(SUM(E2,F2)/(L2+0.1))/100 -> 83.2 | AB2: =(SUM(E2,F2)/(M2+0.1))/100 -> 83.2 | AC2: =(SUM(E2,F2)/(N2+0.1))/100 -> 83.2 | AD2: =(SUM(E2,F2)/(O2+0.1))/100 -> 83.2
A3: =A2+1 -> 114 | B3: Apartamento | C3: Vincci Molviedro Suites Apartments | D3: Tripadvisor | E3: 77 | F3: 106 | G3: 4.8 | H3: 4.9 | I3: =((G3*E3)+(H3*F3))/SUM(E3,F3) -> 4.8579235 | J3: 1 | K3: 2 | L3: 0 | M3: 0 | N3: 0 | O3: =(L3*0.5)+(M3*0.4)+(N3*0.1) -> 0 | P3: 500 | Q3: =ABS(G3-H3) -> 0.1 | R3: =ABS(G3-I3) -> 0.057923497 | S3: =ABS(H3-I3) -> 0.042076503 | T3: =SUM(E3,F3)/P3 -> 0.366 | U3: =LOG10(E3+F3)*I3 -> 10.990814 | V3: =(L3/P3)*100 -> 0 | W3: =(M3/P3)*100 -> 0 | X3: =(N3/P3)*100 -> 0 | Y3: =(O3/P3)*100 -> 0 | Z3: =E3/F3 -> 0.72641509 | AA3: =(SUM(E3,F3)/(L3+0.1))/100 -> 18.3 | AB3: =(SUM(E3,F3)/(M3+0.1))/100 -> 18.3 | AC3: =(SUM(E3,F3)/(N3+0.1))/100 -> 18.3 | AD3: =(SUM(E3,F3)/(O3+0.1))/100 -> 18.3
A4: =A3+1 -> 115 | B4: Apartamento | C4: Mylu Suites by Puerta Catedral | D4: Tripadvisor | E4: 22 | F4: 142 | G4: 4.9 | H4: 4.9 | I4: =((G4*E4)+(H4*F4))/SUM(E4,F4) -> 4.9 | J4: 1 | K4: 3 | L4: 0 | M4: 0 | N4: 0 | O4: =(L4*0.5)+(M4*0.4)+(N4*0.1) -> 0 | P4: 535 | Q4: =ABS(G4-H4) -> 0 | R4: =ABS(G4-I4) -> 8.8817842e-16 | S4: =ABS(H4-I4) -> 8.8817842e-16 | T4: =SUM(E4,F4)/P4 -> 0.30654206 | U4: =LOG10(E4+F4)*I4 -> 10.852735 | V4: =(L4/P4)*100 -> 0 | W4: =(M4/P4)*100 -> 0 | X4: =(N4/P4)*100 -> 0 | Y4: =(O4/P4)*100 -> 0 | Z4: =E4/F4 -> 0.15492958 | AA4: =(SUM(E4,F4)/(L4+0.1))/100 -> 16.4 | AB4: =(SUM(E4,F4)/(M4+0.1))/100 -> 16.4 | AC4: =(SUM(E4,F4)/(N4+0.1))/100 -> 16.4 | AD4: =(SUM(E4,F4)/(O4+0.1))/100 -> 16.4
A5: =A4+1 -> 116 | B5: Apartamento | C5: Suites Murillo Alcázar | D5: Tripadvisor | E5: 81 | F5: 312 | G5: 4.6 | H5: 4.8 | I5: =((G5*E5)+(H5*F5))/SUM(E5,F5) -> 4.7587786 | J5: 1 | K5: 4 | L5: 0 | M5: 0 | N5: 0 | O5: =(L5*0.5)+(M5*0.4)+(N5*0.1) -> 0 | P5: 212 | Q5: =ABS(G5-H5) -> 0.2 | R5: =ABS(G5-I5) -> 0.15877863 | S5: =ABS(H5-I5) -> 0.041221374 | T5: =SUM(E5,F5)/P5 -> 1.8537736 | U5: =LOG10(E5+F5)*I5 -> 12.34614 | V5: =(L5/P5)*100 -> 0 | W5: =(M5/P5)*100 -> 0 | X5: =(N5/P5)*100 -> 0 | Y5: =(O5/P5)*100 -> 0 | Z5: =E5/F5 -> 0.25961538 | AA5: =(SUM(E5,F5)/(L5+0.1))/100 -> 39.3 | AB5: =(SUM(E5,F5)/(M5+0.1))/100 -> 39.3 | AC5: =(SUM(E5,F5)/(N5+0.1))/100 -> 39.3 | AD5: =(SUM(E5,F5)/(O5+0.1))/100 -> 39.3
A6: =A5+1 -> 117 | B6: Apartamento | C6: Puerta Catedral Apartments | D6: Tripadvisor | E6: 30 | F6: 469 | G6: 4.7 | H6: 4.6 | I6: =((G6*E6)+(H6*F6))/SUM(E6,F6) -> 4.606012 | J6: 1 | K6: 5 | L6: 0 | M6: 0 | N6: 0 | O6: =(L6*0.5)+(M6*0.4)+(N6*0.1) -> 0 | P6: 97 | Q6: =ABS(G6-H6) -> 0.1 | R6: =ABS(G6-I6) -> 0.093987976 | S6: =ABS(H6-I6) -> 0.006012024 | T6: =SUM(E6,F6)/P6 -> 5.1443299 | U6: =LOG10(E6+F6)*I6 -> 12.427484 | V6: =(L6/P6)*100 -> 0 | W6: =(M6/P6)*100 -> 0 | X6: =(N6/P6)*100 -> 0 | Y6: =(O6/P6)*100 -> 0 | Z6: =E6/F6 -> 0.063965885 | AA6: =(SUM(E6,F6)/(L6+0.1))/100 -> 49.9 | AB6: =(SUM(E6,F6)/(M6+0.1))/100 -> 49.9 | AC6: =(SUM(E6,F6)/(N6+0.1))/100 -> 49.9 | AD6: =(SUM(E6,F6)/(O6+0.1))/100 -> 49.9
A7: =A6+1 -> 118 | B7: Apartamento | C7: Suites Murillo Plaza de Santa Cruz | D7: Tripadvisor | E7: 188 | F7: 249 | G7: 4.7 | H7: 4.8 | I7: =((G7*E7)+(H7*F7))/SUM(E7,F7) -> 4.7569794 | J7: 1 | K7: 6 | L7: 0 | M7: 0 | N7: 0 | O7: =(L7*0.5)+(M7*0.4)+(N7*0.1) -> 0 | P7: 374 | Q7: =ABS(G7-H7) -> 0.1 | R7: =ABS(G7-I7) -> 0.056979405 | S7: =ABS(H7-I7) -> 0.043020595 | T7: =SUM(E7,F7)/P7 -> 1.1684492 | U7: =LOG10(E7+F7)*I7 -> 12.560716 | V7: =(L7/P7)*100 -> 0 | W7: =(M7/P7)*100 -> 0 | X7: =(N7/P7)*100 -> 0 | Y7: =(O7/P7)*100 -> 0 | Z7: =E7/F7 -> 0.75502008 | AA7: =(SUM(E7,F7)/(L7+0.1))/100 -> 43.7 | AB7: =(SUM(E7,F7)/(M7+0.1))/100 -> 43.7 | AC7: =(SUM(E7,F7)/(N7+0.1))/100 -> 43.7 | AD7: =(SUM(E7,F7)/(O7+0.1))/100 -> 43.7
A8: =A7+1 -> 119 | B8: Apartamento | C8: Suites Murillo Catedral | D8: Tripadvisor | E8: 179 | F8: 569 | G8: 4.6 | H8: 4.7 | I8: =((G8*E8)+(H8*F8))/SUM(E8,F8) -> 4.6760695 | J8: 1 | K8: 7 | L8: 0 | M8: 0 | N8: 0 | O8: =(L8*0.5)+(M8*0.4)+(N8*0.1) -> 0 | P8: 158 | Q8: =ABS(G8-H8) -> 0.1 | R8: =ABS(G8-I8) -> 0.076069519 | S8: =ABS(H8-I8) -> 0.023930481 | T8: =SUM(E8,F8)/P8 -> 4.7341772 | U8: =LOG10(E8+F8)*I8 -> 13.438564 | V8: =(L8/P8)*100 -> 0 | W8: =(M8/P8)*100 -> 0 | X8: =(N8/P8)*100 -> 0 | Y8: =(O8/P8)*100 -> 0 | Z8: =E8/F8 -> 0.31458699 | AA8: =(SUM(E8,F8)/(L8+0.1))/100 -> 74.8 | AB8: =(SUM(E8,F8)/(M8+0.1))/100 -> 74.8 | AC8: =(SUM(E8,F8)/(N8+0.1))/100 -> 74.8 | AD8: =(SUM(E8,F8)/(O8+0.1))/100 -> 74.8
A9: =A8+1 -> 120 | B9: Apartamento | C9: Suites Sevilla Plaza | D9: Tripadvisor | E9: 241 | F9: 443 | G9: 4.6 | H9: 4.6 | I9: =((G9*E9)+(H9*F9))/SUM(E9,F9) -> 4.6 | J9: 1 | K9: 8 | L9: 0 | M9: 0 | N9: 0 | O9: =(L9*0.5)+(M9*0.4)+(N9*0.1) -> 0 | P9: 406 | Q9: =ABS(G9-H9) -> 0 | R9: =ABS(G9-I9) -> 0 | S9: =ABS(H9-I9) -> 0 | T9: =SUM(E9,F9)/P9 -> 1.6847291 | U9: =LOG10(E9+F9)*I9 -> 13.041258 | V9: =(L9/P9)*100 -> 0 | W9: =(M9/P9)*100 -> 0 | X9: =(N9/P9)*100 -> 0 | Y9: =(O9/P9)*100 -> 0 | Z9: =E9/F9 -> 0.54401806 | AA9: =(SUM(E9,F9)/(L9+0.1))/100 -> 68.4 | AB9: =(SUM(E9,F9)/(M9+0.1))/100 -> 68.4 | AC9: =(SUM(E9,F9)/(N9+0.1))/100 -> 68.4 | AD9: =(SUM(E9,F9)/(O9+0.1))/100 -> 68.4
A10: =A9+1 -> 121 | B10: Apartamento | C10: Puerta Catedral Suites | D10: Tripadvisor | E10: 77 | F10: 274 | G10: 4.8 | H10: 4.6 | I10: =((G10*E10)+(H10*F10))/SUM(E10,F10) -> 4.6438746 | J10: 1 | K10: 9 | L10: 0 | M10: 0 | N10: 0 | O10: =(L10*0.5)+(M10*0.4)+(N10*0.1) -> 0 | P10: 138 | Q10: =ABS(G10-H10) -> 0.2 | R10: =ABS(G10-I10) -> 0.15612536 | S10: =ABS(H10-I10) -> 0.043874644 | T10: =SUM(E10,F10)/P10 -> 2.5434783 | U10: =LOG10(E10+F10)*I10 -> 11.820087 | V10: =(L10/P10)*100 -> 0 | W10: =(M10/P10)*100 -> 0 | X10: =(N10/P10)*100 -> 0 | Y10: =(O10/P10)*100 -> 0 | Z10: =E10/F10 -> 0.2810219 | AA10: =(SUM(E10,F10)/(L10+0.1))/100 -> 35.1 | AB10: =(SUM(E10,F10)/(M10+0.1))/100 -> 35.1 | AC10: =(SUM(E10,F10)/(N10+0.1))/100 -> 35.1 | AD10: =(SUM(E10,F10)/(O10+0.1))/100 -> 35.1
A11: =A10+1 -> 122 | B11: Apartamento | C11: Triana House | D11: Tripadvisor | E11: 176 | F11: 164 | G11: 4.8 | H11: 4.6 | I11: =((G11*E11)+(H11*F11))/SUM(E11,F11) -> 4.7035294 | J11: 1 | K11: 10 | L11: 0 | M11: 0 | N11: 0 | O11: =(L11*0.5)+(M11*0.4)+(N11*0.1) -> 0 | P11: 856 | Q11: =ABS(G11-H11) -> 0.2 | R11: =ABS(G11-I11) -> 0.096470588 | S11: =ABS(H11-I11) -> 0.10352941 | T11: =SUM(E11,F11)/P11 -> 0.39719626 | U11: =LOG10(E11+F11)*I11 -> 11.906886 | V11: =(L11/P11)*100 -> 0 | W11: =(M11/P11)*100 -> 0 | X11: =(N11/P11)*100 -> 0 | Y11: =(O11/P11)*100 -> 0 | Z11: =E11/F11 -> 1.0731707 | AA11: =(SUM(E11,F11)/(L11+0.1))/100 -> 34 | AB11: =(SUM(E11,F11)/(M11+0.1))/100 -> 34 | AC11: =(SUM(E11,F11)/(N11+0.1))/100 -> 34 | AD11: =(SUM(E11,F11)/(O11+0.1))/100 -> 34
A12: =A11+1 -> 123 | B12: Apartamento | C12: Mercer Residences Sevilla | D12: Tripadvisor | E12: 37 | F12: 60 | G12: 4.9 | H12: 4.9 | I12: =((G12*E12)+(H12*F12))/SUM(E12,F12) -> 4.9 | J12: 1 | K12: 11 | L12: 0 | M12: 0 | N12: 0 | O12: =(L12*0.5)+(M12*0.4)+(N12*0.1) -> 0 | P12: 878 | Q12: =ABS(G12-H12) -> 0 | R12: =ABS(G12-I12) -> 0 | S12: =ABS(H12-I12) -> 0 | T12: =SUM(E12,F12)/P12 -> 0.11047836 | U12: =LOG10(E12+F12)*I12 -> 9.7351815 | V12: =(L12/P12)*100 -> 0 | W12: =(M12/P12)*100 -> 0 | X12: =(N12/P12)*100 -> 0 | Y12: =(O12/P12)*100 -> 0 | Z12: =E12/F12 -> 0.61666667 | AA12: =(SUM(E12,F12)/(L12+0.1))/100 -> 9.7 | AB12: =(SUM(E12,F12)/(M12+0.1))/100 -> 9.7 | AC12: =(SUM(E12,F12)/(N12+0.1))/100 -> 9.7 | AD12: =(SUM(E12,F12)/(O12+0.1))/100 -> 9.7
A13: =A12+1 -> 124 | B13: Apartamento | C13: Palacio Bucarelli | D13: Tripadvisor | E13: 194 | F13: 126 | G13: 4.6 | H13: 4.7 | I13: =((G13*E13)+(H13*F13))/SUM(E13,F13) -> 4.639375 | J13: 1 | K13: 12 | L13: 0 | M13: 0 | N13: 0 | O13: =(L13*0.5)+(M13*0.4)+(N13*0.1) -> 0 | P13: 1500 | Q13: =ABS(G13-H13) -> 0.1 | R13: =ABS(G13-I13) -> 0.039375 | S13: =ABS(H13-I13) -> 0.060625 | T13: =SUM(E13,F13)/P13 -> 0.21333333 | U13: =LOG10(E13+F13)*I13 -> 11.62233 | V13: =(L13/P13)*100 -> 0 | W13: =(M13/P13)*100 -> 0 | X13: =(N13/P13)*100 -> 0 | Y13: =(O13/P13)*100 -> 0 | Z13: =E13/F13 -> 1.5396825 | AA13: =(SUM(E13,F13)/(L13+0.1))/100 -> 32 | AB13: =(SUM(E13,F13)/(M13+0.1))/100 -> 32 | AC13: =(SUM(E13,F13)/(N13+0.1))/100 -> 32 | AD13: =(SUM(E13,F13)/(O13+0.1))/100 -> 32
A14: =A13+1 -> 125 | B14: Apartamento | C14: Hom Sevilla | D14: Tripadvisor | E14: 188 | F14: 147 | G14: 4.4 | H14: 4.8 | I14: =((G14*E14)+(H14*F14))/SUM(E14,F14) -> 4.5755224 | J14: 1 | K14: 13 | L14: 0 | M14: 0 | N14: 0 | O14: =(L14*0.5)+(M14*0.4)+(N14*0.1) -> 0 | P14: 196 | Q14: =ABS(G14-H14) -> 0.4 | R14: =ABS(G14-I14) -> 0.17552239 | S14: =ABS(H14-I14) -> 0.22447761 | T14: =SUM(E14,F14)/P14 -> 1.7091837 | U14: =LOG10(E14+F14)*I14 -> 11.553399 | V14: =(L14/P14)*100 -> 0 | W14: =(M14/P14)*100 -> 0 | X14: =(N14/P14)*100 -> 0 | Y14: =(O14/P14)*100 -> 0 | Z14: =E14/F14 -> 1.2789116 | AA14: =(SUM(E14,F14)/(L14+0.1))/100 -> 33.5 | AB14: =(SUM(E14,F14)/(M14+0.1))/100 -> 33.5 | AC14: =(SUM(E14,F14)/(N14+0.1))/100 -> 33.5 | AD14: =(SUM(E14,F14)/(O14+0.1))/100 -> 33.5
... A31: =A30+1 -> 142 | B31: Apartamento | C31: Smartr Sevilla Las Dueñas | D31: Publicidad | E31: 156 | F31: 207 | G31: 4.3 | H31: 4.3 | I31: =((G31*E31)+(H31*F31))/SUM(E31,F31) -> 4.3 | J31: 1 | K31: 27 | L31: 0 | M31: 0 | N31: 0 | O31: =(L31*0.5)+(M31*0.4)+(N31*0.1) -> 0 | P31: 989 | Q31: =ABS(G31-H31) -> 0 | R31: =ABS(G31-I31) -> 0 | S31: =ABS(H31-I31) -> 0 | T31: =SUM(E31,F31)/P31 -> 0.36703741 | U31: =LOG10(E31+F31)*I31 -> 11.007598 | V31: =(L31/P31)*100 -> 0 | W31: =(M31/P31)*100 -> 0 | X31: =(N31/P31)*100 -> 0 | Y31: =(O31/P31)*100 -> 0 | Z31: =E31/F31 -> 0.75362319 | AA31: =(SUM(E31,F31)/(L31+0.1))/100 -> 36.3 | AB31: =(SUM(E31,F31)/(M31+0.1))/100 -> 36.3 | AC31: =(SUM(E31,F31)/(N31+0.1))/100 -> 36.3 | AD31: =(SUM(E31,F31)/(O31+0.1))/100 -> 36.3

Sheet h4
A1: id | B1: categoria | C1: recurso | D1: origen | E1: v1a | F1: v1b | G1: v2a | H1: v2b | I1: v2p | J1: v3con | K1: v3 | L1: v4a | M1: v4b | N1: v4c | O1: v4p | P1: v5 | Q1: v6a | R1: v6b | S1: v6c | T1: v7 | U1: v8 | V1: v9a | W1: v9b | X1: v9c | Y1: v9p | Z1: v10 | AA1: v11a | AB1: v11b | AC1: v11c | AD1: v11p
A2: ='Apartamentos Completo'!A2 -> 113 | B2: ='Apartamentos Completo'!B2 -> Apartamento | C2: ='Apartamentos Completo'!C2 -> Aguilas5 Sevilla Suites | D2: ='Apartamentos Completo'!D2 -> Tripadvisor | E2: ='Apartamentos Completo'!E2 -> 155 | F2: ='Apartamentos Completo'!F2 -> 677 | G2: ='Apartamentos Completo'!G2 -> 4.9 | H2: ='Apartamentos Completo'!H2 -> 5 | ... AD2: ='Apartamentos Completo'!AD2 -> 83.2
A3: ='Apartamentos Completo'!A3 -> 114 | B3: ='Apartamentos Completo'!B3 -> Apartamento | C3: ='Apartamentos Completo'!C3 -> Vincci Molviedro Suites Apartments | D3: ='Apartamentos Completo'!D3 -> Tripadvisor | E3: ='Apartamentos Completo'!E3 -> 77 | F3: ='Apartamentos Completo'!F3 -> 106 | G3: ='Apartamentos Completo'!G3 -> 4.8 | H3: ='Apartamentos Completo'!H3 -> 4.9 | ... AD3: ='Apartamentos Completo'!AD3 -> 18.3
A4: ='Apartamentos Completo'!A4 -> 115 | B4: ='Apartamentos Completo'!B4 -> Apartamento | C4: ='Apartamentos Completo'!C4 -> Mylu Suites by Puerta Catedral | D4: ='Apartamentos Completo'!D4 -> Tripadvisor | E4: ='Apartamentos Completo'!E4 -> 22 | F4: ='Apartamentos Completo'!F4 -> 142 | G4: ='Apartamentos Completo'!G4 -> 4.9 | H4: ='Apartamentos Completo'!H4 -> 4.9 | ... AD4: ='Apartamentos Completo'!AD4 -> 16.4
A5: ='Apartamentos Completo'!A5 -> 116 | B5: ='Apartamentos Completo'!B5 -> Apartamento | C5: ='Apartamentos Completo'!C5 -> Suites Murillo Alcázar | D5: ='Apartamentos Completo'!D5 -> Tripadvisor | E5: ='Apartamentos Completo'!E5 -> 81 | F5: ='Apartamentos Completo'!F5 -> 312 | G5: ='Apartamentos Completo'!G5 -> 4.6 | H5: ='Apartamentos Completo'!H5 -> 4.8 | ... AD5: ='Apartamentos Completo'!AD5 -> 39.3
A6: ='Apartamentos Completo'!A6 -> 117 | B6: ='Apartamentos Completo'!B6 -> Apartamento | C6: ='Apartamentos Completo'!C6 -> Puerta Catedral Apartments | D6: ='Apartamentos Completo'!D6 -> Tripadvisor | E6: ='Apartamentos Completo'!E6 -> 30 | F6: ='Apartamentos Completo'!F6 -> 469 | G6: ='Apartamentos Completo'!G6 -> 4.7 | H6: ='Apartamentos Completo'!H6 -> 4.6 | ... AD6: ='Apartamentos Completo'!AD6 -> 49.9
A7: ='Apartamentos Completo'!A7 -> 118 | B7: ='Apartamentos Completo'!B7 -> Apartamento | C7: ='Apartamentos Completo'!C7 -> Suites Murillo Plaza de Santa Cruz | D7: ='Apartamentos Completo'!D7 -> Tripadvisor | E7: ='Apartamentos Completo'!E7 -> 188 | F7: ='Apartamentos Completo'!F7 -> 249 | G7: ='Apartamentos Completo'!G7 -> 4.7 | H7: ='Apartamentos Completo'!H7 -> 4.8 | ... AD7: ='Apartamentos Completo'!AD7 -> 43.7
A8: ='Apartamentos Completo'!A8 -> 119 | B8: ='Apartamentos Completo'!B8 -> Apartamento | C8: ='Apartamentos Completo'!C8 -> Suites Murillo Catedral | D8: ='Apartamentos Completo'!D8 -> Tripadvisor | E8: ='Apartamentos Completo'!E8 -> 179 | F8: ='Apartamentos Completo'!F8 -> 569 | G8: ='Apartamentos Completo'!G8 -> 4.6 | H8: ='Apartamentos Completo'!H8 -> 4.7 | ... AD8: ='Apartamentos Completo'!AD8 -> 74.8
A9: ='Apartamentos Completo'!A9 -> 120 | B9: ='Apartamentos Completo'!B9 -> Apartamento | C9: ='Apartamentos Completo'!C9 -> Suites Sevilla Plaza | D9: ='Apartamentos Completo'!D9 -> Tripadvisor | E9: ='Apartamentos Completo'!E9 -> 241 | F9: ='Apartamentos Completo'!F9 -> 443 | G9: ='Apartamentos Completo'!G9 -> 4.6 | H9: ='Apartamentos Completo'!H9 -> 4.6 | ... AD9: ='Apartamentos Completo'!AD9 -> 68.4
A10: ='Apartamentos Completo'!A10 -> 121 | B10: ='Apartamentos Completo'!B10 -> Apartamento | C10: ='Apartamentos Completo'!C10 -> Puerta Catedral Suites | D10: ='Apartamentos Completo'!D10 -> Tripadvisor | E10: ='Apartamentos Completo'!E10 -> 77 | F10: ='Apartamentos Completo'!F10 -> 274 | G10: ='Apartamentos Completo'!G10 -> 4.8 | H10: ='Apartamentos Completo'!H10 -> 4.6 | ... AD10: ='Apartamentos Completo'!AD10 -> 35.1
A11: ='Apartamentos Completo'!A11 -> 122 | B11: ='Apartamentos Completo'!B11 -> Apartamento | C11: ='Apartamentos Completo'!C11 -> Triana House | D11: ='Apartamentos Completo'!D11 -> Tripadvisor | E11: ='Apartamentos Completo'!E11 -> 176 | F11: ='Apartamentos Completo'!F11 -> 164 | G11: ='Apartamentos Completo'!G11 -> 4.8 | H11: ='Apartamentos Completo'!H11 -> 4.6 | ... AD11: ='Apartamentos Completo'!AD11 -> 34
A12: ='Apartamentos Completo'!A12 -> 123 | B12: ='Apartamentos Completo'!B12 -> Apartamento | C12: ='Apartamentos Completo'!C12 -> Mercer Residences Sevilla | D12: ='Apartamentos Completo'!D12 -> Tripadvisor | E12: ='Apartamentos Completo'!E12 -> 37 | F12: ='Apartamentos Completo'!F12 -> 60 | G12: ='Apartamentos Completo'!G12 -> 4.9 | H12: ='Apartamentos Completo'!H12 -> 4.9 | ... AD12: ='Apartamentos Completo'!AD12 -> 9.7
A13: ='Apartamentos Completo'!A13 -> 124 | B13: ='Apartamentos Completo'!B13 -> Apartamento | C13: ='Apartamentos Completo'!C13 -> Palacio Bucarelli | D13: ='Apartamentos Completo'!D13 -> Tripadvisor | E13: ='Apartamentos Completo'!E13 -> 194 | F13: ='Apartamentos Completo'!F13 -> 126 | G13: ='Apartamentos Completo'!G13 -> 4.6 | H13: ='Apartamentos Completo'!H13 -> 4.7 | ... AD13: ='Apartamentos Completo'!AD13 -> 32
... A31: ='Apartamentos Completo'!A31 -> 142 | B31: ='Apartamentos Completo'!B31 -> Apartamento | C31: ='Apartamentos Completo'!C31 -> Smartr Sevilla Las Dueñas | D31: ='Apartamentos Completo'!D31 -> Publicidad | E31: ='Apartamentos Completo'!E31 -> 156 | F31: ='Apartamentos Completo'!F31 -> 207 | G31: ='Apartamentos Completo'!G31 -> 4.3 | H31: ='Apartamentos Completo'!H31 -> 4.3 | ... AD31: ='Apartamentos Completo'!AD31 -> 36.3

Sheet H1234
A1: id | B1: categoria | C1: recurso | D1: origen | E1: v1a | F1: v1b | G1: v2a | H1: v2b | I1: v2p | J1: v3con | K1: v3 | L1: v4a | M1: v4b | N1: v4c | O1: v4p | P1: v5 | Q1: v6a | R1: v6b | S1: v6c | T1: v7 | U1: v8 | V1: v9a | W1: v9b | X1: v9c | Y1: v9p | Z1: v10 | AA1: v11a | AB1: v11b | AC1: v11c | AD1: v11p | AE1: Destino_Final | AF1: Latitud | AG1: Longitud
A2: ='h1'!A2 -> 1 | B2: ='h1'!B2 -> Atracción Turística | C2: ='h1'!C2 -> Plaza de España | D2: ='h1'!D2 -> TripAdvisor | E2: ='h1'!E2 -> 181284 | F2: ='h1'!F2 -> 45480 | G2: ='h1'!G2 -> 4.8 | H2: ='h1'!H2 -> 4.8 | ... AD2: ='h1'!AD2 -> 22676.4 | AE2: Invisibles | AF2: 37.377196 | AG2: -5.986893
A3: ='h1'!A3 -> 2 | B3: ='h1'!B3 -> Atracción Turística | C3: ='h1'!C3 -> Real Alcázar de Sevilla | D3: ='h1'!D3 -> TripAdvisor | E3: ='h1'!E3 -> 98150 | F3: ='h1'!F3 -> 36806 | G3: ='h1'!G3 -> 4.7 | H3: ='h1'!H3 -> 4.7 | ... AD3: ='h1'!AD3 -> 13495.6 | AE3: Invisibles | AF3: 37.383052 | AG3: -5.9902257
A4: ='h1'!A4 -> 3 | B4: ='h1'!B4 -> Atracción Turística | C4: ='h1'!C4 -> Catedral de Sevilla | D4: ='h1'!D4 -> TripAdvisor | E4: ='h1'!E4 -> 57330 | F4: ='h1'!F4 -> 27294 | G4: ='h1'!G4 -> 4.8 | H4: ='h1'!H4 -> 4.6 | ... AD4: ='h1'!AD4 -> 8462.4 | AE4: Invisibles | AF4: 37.385825 | AG4: -5.9931068
A5: ='h1'!A5 -> 4 | B5: ='h1'!B5 -> Atracción Turística | C5: ='h1'!C5 -> Setas de Sevilla | D5: ='h1'!D5 -> TripAdvisor | E5: ='h1'!E5 -> 105610 | F5: ='h1'!F5 -> 11354 | G5: ='h1'!G5 -> 4.4 | H5: ='h1'!H5 -> 4 | ... AD5: ='h1'!AD5 -> 15.574434 | AE5: Local Pack | AF5: 37.39298 | AG5: -5.9921608
A6: ='h1'!A6 -> 5 | B6: ='h1'!B6 -> Atracción Turística | C6: ='h1'!C6 -> Parque de María Luisa | D6: ='h1'!D6 -> TripAdvisor | E6: ='h1'!E6 -> 41265 | F6: ='h1'!F6 -> 7162 | G6: ='h1'!G6 -> 4.8 | H6: ='h1'!H6 -> 4.5 | ... AD6: ='h1'!AD6 -> 0.64560725 | AE6: Local Pack | AF6: 37.376116 | AG6: -5.9893645
A7: ='h1'!A7 -> 6 | B7: ='h1'!B7 -> Atracción Turística | C7: ='h1'!C7 -> La Giralda (Punto 0) | D7: ='h1'!D7 -> TripAdvisor | E7: ='h1'!E7 -> 55912 | F7: ='h1'!F7 -> 11034 | G7: ='h1'!G7 -> 4.7 | H7: ='h1'!H7 -> 4.6 | ... AD7: ='h1'!AD7 -> 0.97974535 | AE7: Google Maps Libre | AF7: 37.386178 | AG7: -5.9926137
A8: ='h1'!A8 -> 7 | B8: ='h1'!B8 -> Atracción Turística | C8: ='h1'!C8 -> Casa de Pilatos | D8: ='h1'!D8 -> TripAdvisor | E8: ='h1'!E8 -> 13802 | F8: ='h1'!F8 -> 3929 | G8: ='h1'!G8 -> 4.4 | H8: ='h1'!H8 -> 4.3 | ... AD8: ='h1'!AD8 -> 1773.1 | AE8: Invisibles | AF8: 37.389999 | AG8: -5.9872061
A9: ='h1'!A9 -> 8 | B9: ='h1'!B9 -> Atracción Turística | C9: ='h1'!C9 -> Mercado de Triana | D9: ='h1'!D9 -> TripAdvisor | E9: ='h1'!E9 -> 10654 | F9: ='h1'!F9 -> 1132 | G9: ='h1'!G9 -> 4.4 | H9: ='h1'!H9 -> 4 | ... AD9: ='h1'!AD9 -> 1178.6 | AE9: Invisibles | AF9: 37.38571 | AG9: -6.0036109
A10: ='h1'!A10 -> 9 | B10: ='h1'!B10 -> Atracción Turística | C10: ='h1'!C10 -> Museo de Bellas Artes | D10: ='h1'!D10 -> TripAdvisor | E10: ='h1'!E10 -> 16014 | F10: ='h1'!F10 -> 2218 | G10: ='h1'!G10 -> 4.7 | H10: ='h1'!H10 -> 4.4 | ... AD10: ='h1'!AD10 -> 1823.2 | AE10: Invisibles | AF10: 37.39251 | AG10: -6.0000265
A11: ='h1'!A11 -> 10 | B11: ='h1'!B11 -> Atracción Turística | C11: ='h1'!C11 -> Real Maestranza de Caballería | D11: ='h1'!D11 -> TripAdvisor | E11: ='h1'!E11 -> 31701 | F11: ='h1'!F11 -> 5718 | G11: ='h1'!G11 -> 4.4 | H11: ='h1'!H11 -> 4.1 | ... AD11: ='h1'!AD11 -> 3741.9 | AE11: Invisibles | AF11: 37.385592 | AG11: -5.9988272
A12: ='h1'!A12 -> 11 | B12: ='h1'!B12 -> Atracción Turística | C12: ='h1'!C12 -> Basílica de la Macarena | D12: ='h1'!D12 -> TripAdvisor | E12: ='h1'!E12 -> 3506 | F12: ='h1'!F12 -> 2484 | G12: ='h1'!G12 -> 4.8 | H12: ='h1'!H12 -> 4.4 | ... AD12: ='h1'!AD12 -> 599 | AE12: Invisibles | AF12: 37.402594 | AG12: -5.989417
A13: ='h1'!A13 -> 12 | B13: ='h1'!B13 -> Atracción Turística | C13: ='h1'!C13 -> Isla Mágica | D13: ='h1'!D13 -> TripAdvisor | E13: ='h1'!E13 -> 32790 | F13: ='h1'!F13 -> 2730 | G13: ='h1'!G13 -> 4.1 | H13: ='h1'!H13 -> 3.6 | ... AD13: ='h1'!AD13 -> 86.634146 | AE13: Local Pack | AF13: 37.405747 | AG13: -5.9995192
... A36: ='h1'!A36 -> 35 | B36: ='h1'!B36 -> Atracción Turística | C36: ='h1'!C36 -> Mural "De Viaje" de Kato | D36: ='h1'!D36 -> Intruso | E36: ='h1'!E36 -> 0 | F36: ='h1'!F36 -> 1 | G36: ='h1'!G36 -> 0 | H36: ='h1'!H36 -> 0 | ... AD36: ='h1'!AD36 -> 0.00021097046 | AE36: Google Maps Libre | AF36: 37.399994 | AG36: -5.9898475
A37: ='h2'!A2 -> 36 | B37: ='h2'!B2 -> Restauración | C37: ='h2'!C2 -> Alimentari E Diversi | D37: ='h2'!D2 -> Tripadvisor | E37: ='h2'!E2 -> 2879 | F37: ='h2'!F2 -> 3339 | G37: ='h2'!G2 -> 4.7 | H37: ='h2'!H2 -> 4.9 | ... AD37: ='h2'!AD2 -> 2.657265 | AE37: Google Maps Libre | AF37: 37.390037 | AG37: -6.0007322
A38: ='h2'!A3 -> 37 | B38: ='h2'!B3 -> Restauración | C38: ='h2'!C3 -> Fatouch | D38: ='h2'!D3 -> Tripadvisor | E38: ='h2'!E3 -> 3302 | F38: ='h2'!F3 -> 2510 | G38: ='h2'!G3 -> 4.7 | H38: ='h2'!H3 -> 4.9 | ... AD38: ='h2'!AD3 -> 581.2 | AE38: Invisibles | AF38: 37.397089 | AG38: -5.9912895
A39: ='h2'!A4 -> 38 | B39: ='h2'!B4 -> Restauración | C39: ='h2'!C4 -> Bodega Palo Santo | D39: ='h2'!D4 -> Tripadvisor | E39: ='h2'!E4 -> 2726 | F39: ='h2'!F4 -> 2085 | G39: ='h2'!G4 -> 4.6 | H39: ='h2'!H4 -> 4.8 | ... AD39: ='h2'!AD4 -> 481.1 | AE39: Invisibles | AF39: 37.394993 | AG39: -5.9973285
A40: ='h2'!A5 -> 39 | B40: ='h2'!B5 -> Restauración | C40: ='h2'!C5 -> Abaceria del Postigo | D40: ='h2'!D5 -> Tripadvisor | E40: ='h2'!E5 -> 1593 | F40: ='h2'!F5 -> 2211 | G40: ='h2'!G5 -> 4.7 | H40: ='h2'!H5 -> 4.9 | ... AD40: ='h2'!AD5 -> 380.4 | AE40: Invisibles | AF40: 37.385044 | AG40: -5.994661
A41: ='h2'!A6 -> 40 | B41: ='h2'!B6 -> Restauración | C41: ='h2'!C6 -> Restaurante & Tapas El Sella | D41: ='h2'!D6 -> Tripadvisor | E41: ='h2'!E6 -> 4975 | F41: ='h2'!F6 -> 6541 | G41: ='h2'!G6 -> 4.7 | H41: ='h2'!H6 -> 4.9 | ... AD41: ='h2'!AD6 -> 1151.6 | AE41: Invisibles | AF41: 37.399257 | AG41: -5.9920019
A42: ='h2'!A7 -> 41 | B42: ='h2'!B7 -> Restauración | C42: ='h2'!C7 -> Gascona | D42: ='h2'!D7 -> Tripadvisor | E42: ='h2'!E7 -> 2753 | F42: ='h2'!F7 -> 4410 | G42: ='h2'!G7 -> 4.8 | H42: ='h2'!H7 -> 4.9 | ... AD42: ='h2'!AD7 -> 10.85303 | AE42: Local Pack | AF42: 37.386746 | AG42: -6.0048046
A43: ='h2'!A8 -> 42 | B43: ='h2'!B8 -> Restauración | C43: ='h2'!C8 -> Sibuya Urban Sushi Bar Sevilla (Calle Albareda) | D43: ='h2'!D8 -> Tripadvisor | E43: ='h2'!E8 -> 4594 | F43: ='h2'!F8 -> 7390 | G43: ='h2'!G8 -> 4.5 | H43: ='h2'!H8 -> 4.9 | ... AD43: ='h2'!AD8 -> 1198.4 | AE43: Invisibles | AF43: 37.389507 | AG43: -5.9954365
A44: ='h2'!A9 -> 43 | B44: ='h2'!B9 -> Restauración | C44: ='h2'!C9 -> Brunchit (Calle Santa Patronas) | D44: ='h2'!D9 -> Tripadvisor | E44: ='h2'!E9 -> 3265 | F44: ='h2'!F9 -> 643 | G44: ='h2'!G9 -> 4.9 | H44: ='h2'!H9 -> 4.9 | ... AD44: ='h2'!AD9 -> 390.8 | AE44: Invisibles | AF44: 37.389078 | AG44: -5.9993609
A45: ='h2'!A10 -> 44 | B45: ='h2'!B10 -> Restauración | C45: ='h2'!C10 -> MareaViva | D45: ='h2'!D10 -> Tripadvisor | E45: ='h2'!E10 -> 2291 | F45: ='h2'!F10 -> 3715 | G45: ='h2'!G10 -> 4.4 | H45: ='h2'!H10 -> 4.9 | ... AD45: ='h2'!AD10 -> 1.1988024 | AE45: Local Pack | AF45: 37.385441 | AG45: -5.9718006
A46: ='h2'!A11 -> 45 | B46: ='h2'!B11 -> Restauración | C46: ='h2'!C11 -> La Comilona | D46: ='h2'!D11 -> Tripadvisor | E46: ='h2'!E11 -> 2599 | F46: ='h2'!F11 -> 2311 | G46: ='h2'!G11 -> 4.3 | H46: ='h2'!H11 -> 4.8 | ... AD46: ='h2'!AD11 -> 0.94970986 | AE46: Local Pack | AF46: 37.385384 | AG46: -5.97144
A47: ='h2'!A12 -> 46 | B47: ='h2'!B12 -> Restauración | C47: ='h2'!C12 -> Beirutina, Breakfast and Lunch | D47: ='h2'!D12 -> Tripadvisor | E47: ='h2'!E12 -> 967 | F47: ='h2'!F12 -> 99 | G47: ='h2'!G12 -> 4.9 | H47: ='h2'!H12 -> 4.9 | ... AD47: ='h2'!AD12 -> 106.6 | AE47: Invisibles | AF47: 37.3916 | AG47: -5.9980685
A48: ='h2'!A13 -> 47 | B48: ='h2'!B13 -> Restauración | C48: ='h2'!C13 -> Taberna de La Dehesa | D48: ='h2'!D13 -> Tripadvisor | E48: ='h2'!E13 -> 437 | F48: ='h2'!F13 -> 674 | G48: ='h2'!G13 -> 4 | H48: ='h2'!H13 -> 4.7 | ... AD48: ='h2'!AD13 -> 0.66927711 | AE48: Local Pack | AF48: 37.386406 | AG48: -5.972777
... A68: ='h2'!A33 -> 67 | B68: ='h2'!B33 -> Restauración | C68: ='h2'!C33 -> Morancho Brasería | D68: ='h2'!D33 -> Publicidad | E68: ='h2'!E33 -> 3799 | F68: ='h2'!F33 -> 1 | G68: ='h2'!G33 -> 4.7 | H68: ='h2'!H33 -> 0 | ... AD68: ='h2'!AD33 -> 380 | AE68: Anuncios | AF68: 37.394744 | AG68: -6.0626514
A69: ='h3'!A2 -> 68 | B69: ='h3'!B2 -> Hotel | C69: ='h3'!C2 -> Hotel Gravina 51 | D69: ='h3'!D2 -> Tripadvisor | E69: ='h3'!E2 -> 566 | F69: ='h3'!F2 -> 1394 | G69: ='h3'!G2 -> 4.9 | H69: ='h3'!H2 -> 5 | ... AD69: ='h3'!AD2 -> 196 | AE69: Invisibles | AF69: 37.389987 | AG69: -6.0001073
A70: ='h3'!A3 -> 69 | B70: ='h3'!B3 -> Hotel | C70: ='h3'!C3 -> Hotel Tayko Sevilla | D70: ='h3'!D3 -> Tripadvisor | E70: ='h3'!E3 -> 260 | F70: ='h3'!F3 -> 493 | G70: ='h3'!G3 -> 4.8 | H70: ='h3'!H3 -> 5 | ... AD70: ='h3'!AD3 -> 75.3 | AE70: Invisibles | AF70: 37.382342 | AG70: -5.993942
A71: ='h3'!A4 -> 70 | B71: ='h3'!B4 -> Hotel | C71: ='h3'!C4 -> Cavalta Boutique Hotel | D71: ='h3'!D4 -> Tripadvisor | E71: ='h3'!E4 -> 185 | F71: ='h3'!F4 -> 224 | G71: ='h3'!G4 -> 4.5 | H71: ='h3'!H4 -> 4.9 | ... AD71: ='h3'!AD4 -> 1.947619 | AE71: Google Maps Forzado | AF71: 37.381237 | AG71: -6.0084826
A72: ='h3'!A5 -> 71 | B72: ='h3'!B5 -> Hotel | C72: ='h3'!C5 -> H10 Casa de la Plata | D72: ='h3'!D5 -> Tripadvisor | E72: ='h3'!E5 -> 971 | F72: ='h3'!F5 -> 920 | G72: ='h3'!G5 -> 4.8 | H72: ='h3'!H5 -> 4.9 | ... AD72: ='h3'!AD5 -> 189.1 | AE72: Invisibles | AF72: 37.391091 | AG72: -5.9925335
A73: ='h3'!A6 -> 72 | B73: ='h3'!B6 -> Hotel | C73: ='h3'!C6 -> Mercer Plaza Sevilla | D73: ='h3'!D6 -> Tripadvisor | E73: ='h3'!E6 -> 206 | F73: ='h3'!F6 -> 216 | G73: ='h3'!G6 -> 4.7 | H73: ='h3'!H6 -> 4.9 | ... AD73: ='h3'!AD6 -> 0.52098765 | AE73: Google Maps Libre | AF73: 37.388315 | AG73: -5.9935958
A74: ='h3'!A7 -> 73 | B74: ='h3'!B7 -> Hotel | C74: ='h3'!C7 -> Colectia Hotel Parada del Marqués | D74: ='h3'!D7 -> Tripadvisor | E74: ='h3'!E7 -> 321 | F74: ='h3'!F7 -> 493 | G74: ='h3'!G7 -> 4.6 | H74: ='h3'!H7 -> 4.8 | ... AD74: ='h3'!AD7 -> 3.1307692 | AE74: Google Maps Forzado | AF74: 37.390942 | AG74: -6.0012962
A75: ='h3'!A8 -> 74 | B75: ='h3'!B8 -> Hotel | C75: ='h3'!C8 -> Hotel Kivir | D75: ='h3'!D8 -> Tripadvisor | E75: ='h3'!E8 -> 1161 | F75: ='h3'!F8 -> 694 | G75: ='h3'!G8 -> 4.7 | H75: ='h3'!H8 -> 4.9 | ... AD75: ='h3'!AD8 -> 185.5 | AE75: Invisibles | AF75: 37.387312 | AG75: -6.0007439
A76: ='h3'!A9 -> 75 | B76: ='h3'!B9 -> Hotel | C76: ='h3'!C9 -> Corral del Rey | D76: ='h3'!D9 -> Tripadvisor | E76: ='h3'!E9 -> 148 | F76: ='h3'!F9 -> 1087 | G76: ='h3'!G9 -> 4.6 | H76: ='h3'!H9 -> 4.8 | ... AD76: ='h3'!AD9 -> 123.5 | AE76: Invisibles | AF76: 37.388981 | AG76: -5.9905273
A77: ='h3'!A10 -> 76 | B77: ='h3'!B10 -> Hotel | C77: ='h3'!C10 -> Mercer Hotel Sevilla 5 GI | D77: ='h3'!D10 -> Tripadvisor | E77: ='h3'!E10 -> 226 | F77: ='h3'!F10 -> 647 | G77: ='h3'!G10 -> 4.5 | H77: ='h3'!H10 -> 4.9 | ... AD77: ='h3'!AD10 -> 87.3 | AE77: Invisibles | AF77: 37.387558 | AG77: -5.997449
A78: ='h3'!A11 -> 77 | B78: ='h3'!B11 -> Hotel | C78: ='h3'!C11 -> Only YOU Hotel Sevilla | D78: ='h3'!D11 -> Tripadvisor | E78: ='h3'!E11 -> 811 | F78: ='h3'!F11 -> 344 | G78: ='h3'!G11 -> 4.7 | H78: ='h3'!H11 -> 4.9 | ... AD78: ='h3'!AD11 -> 0.095061728 | AE78: Google Maps Libre | AF78: 37.389454 | AG78: -5.9747044
A79: ='h3'!A12 -> 78 | B79: ='h3'!B12 -> Hotel | C79: ='h3'!C12 -> Hotel Boutique Casa Del Poeta | D79: ='h3'!D12 -> Tripadvisor | E79: ='h3'!E12 -> 367 | F79: ='h3'!F12 -> 1709 | G79: ='h3'!G12 -> 4.7 | H79: ='h3'!H12 -> 4.9 | ... AD79: ='h3'!AD12 -> 207.6 | AE79: Invisibles | AF79: 37.3863 | AG79: -5.9891472
A80: ='h3'!A13 -> 79 | B80: ='h3'!B13 -> Hotel | C80: ='h3'!C13 -> Plácido y Grata Hotel Boutique | D80: ='h3'!D13 -> Tripadvisor | E80: ='h3'!E13 -> 295 | F80: ='h3'!F13 -> 215 | G80: ='h3'!G13 -> 4.5 | H80: ='h3'!H13 -> 4.9 | ... AD80: ='h3'!AD13 -> 51 | AE80: Invisibles | AF80: 37.392311 | AG80: -5.997421
... A113: ='h3'!A46 -> 112 | B113: ='h3'!B46 -> Hotel | C113: ='h3'!C46 -> B&B HOTEL Sevilla Bormujos | D113: ='h3'!D46 -> Publicidad | E113: ='h3'!E46 -> 314 | F113: ='h3'!F46 -> 4 | G113: ='h3'!G46 -> 4.7 | H113: ='h3'!H46 -> 4.8 | ... AD113: ='h3'!AD46 -> 31.87 | AE113: Anuncios | AF113: 37.380192 | AG113: -6.071918
A114: ='h4'!A2 -> 113 | B114: ='h4'!B2 -> Apartamento | C114: ='h4'!C2 -> Aguilas5 Sevilla Suites | D114: ='h4'!D2 -> Tripadvisor | E114: ='h4'!E2 -> 155 | F114: ='h4'!F2 -> 677 | G114: ='h4'!G2 -> 4.9 | H114: ='h4'!H2 -> 5 | ... AD114: ='h4'!AD2 -> 83.2 | AE114: Invisibles | AF114: 37.389937 | AG114: -5.989295
A115: ='h4'!A3 -> 114 | B115: ='h4'!B3 -> Apartamento | C115: ='h4'!C3 -> Vincci Molviedro Suites Apartments | D115: ='h4'!D3 -> Tripadvisor | E115: ='h4'!E3 -> 77 | F115: ='h4'!F3 -> 106 | G115: ='h4'!G3 -> 4.8 | H115: ='h4'!H3 -> 4.9 | ... AD115: ='h4'!AD3 -> 18.3 | AE115: Invisibles | AF115: 37.387966 | AG115: -5.9978447
A116: ='h4'!A4 -> 115 | B116: ='h4'!B4 -> Apartamento | C116: ='h4'!C4 -> Mylu Suites by Puerta Catedral | D116: ='h4'!D4 -> Tripadvisor | E116: ='h4'!E4 -> 22 | F116: ='h4'!F4 -> 142 | G116: ='h4'!G4 -> 4.9 | H116: ='h4'!H4 -> 4.9 | ... AD116: ='h4'!AD4 -> 16.4 | AE116: Invisibles | AF116: 37.38857 | AG116: -5.997875
A117: ='h4'!A5 -> 116 | B117: ='h4'!B5 -> Apartamento | C117: ='h4'!C5 -> Suites Murillo Alcázar | D117: ='h4'!D5 -> Tripadvisor | E117: ='h4'!E5 -> 81 | F117: ='h4'!F5 -> 312 | G117: ='h4'!G5 -> 4.6 | H117: ='h4'!H5 -> 4.8 | ... AD117: ='h4'!AD5 -> 39.3 | AE117: Invisibles | AF117: 37.384275 | AG117: -5.9923959
A118: ='h4'!A6 -> 117 | B118: ='h4'!B6 -> Apartamento | C118: ='h4'!C6 -> Puerta Catedral Apartments | D118: ='h4'!D6 -> Tripadvisor | E118: ='h4'!E6 -> 30 | F118: ='h4'!F6 -> 469 | G118: ='h4'!G6 -> 4.7 | H118: ='h4'!H6 -> 4.6 | ... AD118: ='h4'!AD6 -> 49.9 | AE118: Invisibles | AF118: 37.386876 | AG118: -5.9932348
A119: ='h4'!A7 -> 118 | B119: ='h4'!B7 -> Apartamento | C119: ='h4'!C7 -> Suites Murillo Plaza de Santa Cruz | D119: ='h4'!D7 -> Tripadvisor | E119: ='h4'!E7 -> 188 | F119: ='h4'!F7 -> 249 | G119: ='h4'!G7 -> 4.7 | H119: ='h4'!H7 -> 4.8 | ... AD119: ='h4'!AD7 -> 43.7 | AE119: Invisibles | AF119: 37.384928 | AG119: -5.9886861
A120: ='h4'!A8 -> 119 | B120: ='h4'!B8 -> Apartamento | C120: ='h4'!C8 -> Suites Murillo Catedral | D120: ='h4'!D8 -> Tripadvisor | E120: ='h4'!E8 -> 179 | F120: ='h4'!F8 -> 569 | G120: ='h4'!G8 -> 4.6 | H120: ='h4'!H8 -> 4.7 | ... AD120: ='h4'!AD8 -> 74.8 | AE120: Invisibles | AF120: 37.387472 | AG120: -5.9919047
A121: ='h4'!A9 -> 120 | B121: ='h4'!B9 -> Apartamento | C121: ='h4'!C9 -> Suites Sevilla Plaza | D121: ='h4'!D9 -> Tripadvisor | E121: ='h4'!E9 -> 241 | F121: ='h4'!F9 -> 443 | G121: ='h4'!G9 -> 4.6 | H121: ='h4'!H9 -> 4.6 | ... AD121: ='h4'!AD9 -> 68.4 | AE121: Invisibles | AF121: 37.387917 | AG121: -5.9966951
A122: ='h4'!A10 -> 121 | B122: ='h4'!B10 -> Apartamento | C122: ='h4'!C10 -> Puerta Catedral Suites | D122: ='h4'!D10 -> Tripadvisor | E122: ='h4'!E10 -> 77 | F122: ='h4'!F10 -> 274 | G122: ='h4'!G10 -> 4.8 | H122: ='h4'!H10 -> 4.6 | ... AD122: ='h4'!AD10 -> 35.1 | AE122: Invisibles | AF122: 37.385762 | AG122: -5.9941311
A123: ='h4'!A11 -> 122 | B123: ='h4'!B11 -> Apartamento | C123: ='h4'!C11 -> Triana House | D123: ='h4'!D11 -> Tripadvisor | E123: ='h4'!E11 -> 176 | F123: ='h4'!F11 -> 164 | G123: ='h4'!G11 -> 4.8 | H123: ='h4'!H11 -> 4.6 | ... AD123: ='h4'!AD11 -> 34 | AE123: Invisibles | AF123: 37.381989 | AG123: -6.0007008
A124: ='h4'!A12 -> 123 | B124: ='h4'!B12 -> Apartamento | C124: ='h4'!C12 -> Mercer Residences Sevilla | D124: ='h4'!D12 -> Tripadvisor | E124: ='h4'!E12 -> 37 | F124: ='h4'!F12 -> 60 | G124: ='h4'!G12 -> 4.9 | H124: ='h4'!H12 -> 4.9 | ... AD124: ='h4'!AD12 -> 9.7 | AE124: Invisibles | AF124: 37.393879 | AG124: -5.9946298
A125: ='h4'!A13 -> 124 | B125: ='h4'!B13 -> Apartamento | C125: ='h4'!C13 -> Palacio Bucarelli | D125: ='h4'!D13 -> Tripadvisor | E125: ='h4'!E13 -> 194 | F125: ='h4'!F13 -> 126 | G125: ='h4'!G13 -> 4.6 | H125: ='h4'!H13 -> 4.7 | ... AD125: ='h4'!AD13 -> 32 | AE125: Invisibles | AF125: 37.399191 | AG125: -5.9969501
... A143: ='h4'!A31 -> 142 | B143: ='h4'!B31 -> Apartamento | C143: ='h4'!C31 -> Smartr Sevilla Las Dueñas | D143: ='h4'!D31 -> Publicidad | E143: ='h4'!E31 -> 156 | F143: ='h4'!F31 -> 207 | G143: ='h4'!G31 -> 4.3 | H143: ='h4'!H31 -> 4.3 | ... AD143: ='h4'!AD31 -> 36.3 | AE143: Anuncios | AF143: 37.395081 | AG143: -5.9928066
